Workbook

Sheet LOG
A3: Date | B3: Name | C3: Sheet Name | D3: Cells | E3: Comments
A4: 43529 | B4: Mikkel Bosack Simonsen | C4: TTB from TIMES population | D4: =ADDRESS(ROW('TTB from TIMES population'!B3),COLUMN('TTB from TIMES population'!B3),4,1) -> B3 | E4: Updated Population projections according to statistics denmark
A5: 43437 | B5: Mikkel Bosack Simonsen | C5: Explanation (2) | D5: =ADDRESS(ROW('Explanation (2)'!B3),COLUMN('Explanation (2)'!B3),4,1) -> B3 | E5: Combining of all TTB needed files.

Sheet TTB constraint
D2: DEMAND calculated travel time budget
B3: ~TFM_INS | P3: ~TFM_INS
B4: Attribute | C4: Year | D4: DKE | E4: DKW | F4: Pset_PN | P4: Attribute | Q4: Year | R4: DKE | S4: DKW | T4: Pset_PN
B5: ACT_BND | C5: 2010 | D5: =Speed!AC55 -> 642.09525 | E5: =Speed!AD55 -> 747.77618 | F5: MINTTB | H5: =D5+E5 -> 1389.8714 | P5: COST | Q5: 2010 | R5: 1e-05 | S5: 1e-05 | T5: MINTTB
B6: ACT_BND | C6: 2020 | D6: =Speed!AF55 -> 756.57385 | E6: =Speed!AG55 -> 890.40879 | F6: MINTTB | H6: =D6+E6 -> 1646.9826 | J6: =H6/$H$5 -> 1.1849892
B7: ACT_BND | C7: 2030 | D7: =Speed!AI55 -> 788.17232 | E7: =Speed!AJ55 -> 926.64671 | F7: MINTTB | H7: =D7+E7 -> 1714.819 | J7: =H7/$H$5 -> 1.2337969
B8: ACT_BND | C8: 2040 | D8: =Speed!AL55 -> 820.80477 | E8: =Speed!AM55 -> 977.19286 | F8: MINTTB | H8: =D8+E8 -> 1797.9976 | J8: =H8/$H$5 -> 1.2936431
B9: ACT_BND | C9: 2050 | D9: =Speed!AO55 -> 852.9856 | E9: =Speed!AP55 -> 1024.1405 | F9: MINTTB | H9: =D9+E9 -> 1877.1261 | J9: =H9/$H$5 -> 1.3505753
B10: ACT_BND | C10: 0 | D10: 5 | E10: 5 | F10: MINTTB
H11: =H9/H5 -> 1.3505753
D15: POPULATION calculated travel time budget
B17: Attribute | C17: Year | D17: DKE | E17: DKW | F17: Pset_PN
B18: ACT_BND | C18: 2010 | D18: ='TTB from TIMES population'!R8 -> 642.0953 | E18: ='TTB from TIMES population'!S8 -> 747.7762 | F18: MINTTB | H18: =D18+E18 -> 1389.8715
B19: ACT_BND | C19: 2020 | D19: ='TTB from TIMES population'!R9 -> 680.86949 | E19: ='TTB from TIMES population'!S9 -> 786.81925 | F19: MINTTB | H19: =D19+E19 -> 1467.6887
B20: ACT_BND | C20: 2030 | D20: ='TTB from TIMES population'!R10 -> 721.96948 | E20: ='TTB from TIMES population'!S10 -> 812.18032 | F20: MINTTB | H20: =D20+E20 -> 1534.1498
B21: ACT_BND | C21: 2040 | D21: ='TTB from TIMES population'!R11 -> 750.5731 | E21: ='TTB from TIMES population'!S11 -> 830.62958 | F21: MINTTB | H21: =D21+E21 -> 1581.2027
B22: ACT_BND | C22: 2050 | D22: ='TTB from TIMES population'!R12 -> 761.20889 | E22: ='TTB from TIMES population'!S12 -> 836.86951 | F22: MINTTB | H22: =D22+E22 -> 1598.0784
B23: ACT_BND | C23: 0 | D23: ='TTB from TIMES population'!R13 -> 5 | E23: ='TTB from TIMES population'!S13 -> 5 | F23: MINTTB
H24: =H22/H18 -> 1.149803

Sheet Sheet1
B2: Year | C2: 2007 | D2: 2008 | E2: 2009 | F2: 2010 | G2: 2011 | H2: 2012 | I2: 2013 | J2: 2014 | K2: Average | N2: TU Average travel time [h] | P2: =K3/60 -> 0.92558333 | S2: Data on population projections from statistics denmark
B3: Travel Time [mnts] | C3: 57.32 | D3: 55.48 | E3: 56.63 | F3: 54.75 | G3: 56.42 | H3: 56.71 | I3: 53.08 | J3: 53.89 | K3: =AVERAGE(C3:J3) -> 55.535 | N3: TU Schafer | P3: 1.1 | S3: http://www.statistikbanken.dk/statbank5a/default.asp?w=1920
N4: Days per year | P4: 365 | AD4: Adjsted Travel time budget according to new population growth and previos calculation e.g. travel time budget is calculated on the adult populations transport habbits
B6: Population projection | H6: Travel time budget with 0.93[Mhs] | S6: Population projection | AE6: Population projection | AK6: Travel time budget with 0.93[Mhs]
C7: DKE | D7: DKW | E7: Total | I7: DKE | J7: DKW | K7: Total | T7: DKE | U7: DKW | V7: Total | Z7: Difference bestween TU and DS population (w/wo Kids) | AA7: Variation in procentral increase | AF7: DKE | AG7: DKW | AH7: Total | AL7: DKE | AM7: DKW | AN7: Total
B8: 2010 | C8: 2155666 | D8: 2613168 | E8: 4768834 | H8: 2010 | I8: =C8*$P$2*$P$4/10^6 -> 728.26571 | J8: =D8*$P$2*$P$4/10^6 -> 882.82723 | K8: =E8*$P$2*$P$4/10^6 -> 1611.0929 | S8: 2010 | T8: =V8*$C$15/$E$15 -> 2543633 | U8: =V8*$D$15/$E$15 -> 2991367 | V8: 5535000 | Y8: 2010 | Z8: =V8/E8 -> 1.1606611 | AA8: =Z8/$Z$8 -> 1 | AE8: 2010 | AF8: =C8*$AA8 -> 2155666 | AG8: =D8*$AA8 -> 2613168 | AH8: =E8*$AA8 -> 4768834 | AK8: 2010 | AL8: =AF8*$P$2*$P$4/10^6 -> 728.26571 | AM8: =AG8*$P$2*$P$4/10^6 -> 882.82723 | AN8: =AH8*$P$2*$P$4/10^6 -> 1611.0929
B9: 2011 | C9: 2173141 | D9: 2622809 | E9: 4795950 | H9: 2011 | I9: =C9*$P$2*$P$4/10^6 -> 734.16943 | J9: =D9*$P$2*$P$4/10^6 -> 886.08433 | K9: =E9*$P$2*$P$4/10^6 -> 1620.2538 | S9: 2011 | T9: =V9*$C$15/$E$15 -> 2555581.5 | U9: =V9*$D$15/$E$15 -> 3005418.5 | V9: 5561000 | Y9: 2011 | Z9: =V9/E9 -> 1.15952 | AA9: =Z9/$Z$8 -> 0.99901688 | AE9: 2011 | AF9: =C9*$AA9 -> 2171004.6 | AG9: =D9*$AA9 -> 2620230.5 | AH9: =E9*$AA9 -> 4791235 | AK9: 2011 | AL9: =AF9*$P$2*$P$4/10^6 -> 733.44765 | AM9: =AG9*$P$2*$P$4/10^6 -> 885.21321 | AN9: =AH9*$P$2*$P$4/10^6 -> 1618.6609
B10: 2012 | C10: 2187526 | D10: 2632198 | E10: 4819724 | H10: 2012 | I10: =C10*$P$2*$P$4/10^6 -> 739.02923 | J10: =D10*$P$2*$P$4/10^6 -> 889.25629 | K10: =E10*$P$2*$P$4/10^6 -> 1628.2855 | S10: 2012 | T10: =V10*$C$15/$E$15 -> 2564772.5 | U10: =V10*$D$15/$E$15 -> 3016227.5 | V10: 5581000 | Y10: 2012 | Z10: =V10/E10 -> 1.1579501 | AA10: =Z10/$Z$8 -> 0.9976643 | AE10: 2012 | AF10: =C10*$AA10 -> 2182416.6 | AG10: =D10*$AA10 -> 2626050 | AH10: =E10*$AA10 -> 4808466.6 | AK10: 2012 | AL10: =AF10*$P$2*$P$4/10^6 -> 737.30308 | AM10: =AG10*$P$2*$P$4/10^6 -> 887.17926 | AN10: =AH10*$P$2*$P$4/10^6 -> 1624.4823
B11: 2013 | C11: 2204115 | D11: 2641524 | E11: 4845639 | H11: 2013 | I11: =C11*$P$2*$P$4/10^6 -> 744.63362 | J11: =D11*$P$2*$P$4/10^6 -> 892.40696 | K11: =E11*$P$2*$P$4/10^6 -> 1637.0406 | S11: 2013 | T11: =V11*$C$15/$E$15 -> 2574882.7 | U11: =V11*$D$15/$E$15 -> 3028117.3 | V11: 5603000 | Y11: 2013 | Z11: =V11/E11 -> 1.1562974 | AA11: =Z11/$Z$8 -> 0.99624039 | AE11: 2013 | AF11: =C11*$AA11 -> 2195828.4 | AG11: =D11*$AA11 -> 2631592.9 | AH11: =E11*$AA11 -> 4827421.3 | AK11: 2013 | AL11: =AF11*$P$2*$P$4/10^6 -> 741.83409 | AM11: =AG11*$P$2*$P$4/10^6 -> 889.05187 | AN11: =AH11*$P$2*$P$4/10^6 -> 1630.886
B12: 2014 | C12: 2223737 | D12: 2652705 | E12: 4876442 | H12: 2014 | I12: =C12*$P$2*$P$4/10^6 -> 751.26268 | J12: =D12*$P$2*$P$4/10^6 -> 896.18433 | K12: =E12*$P$2*$P$4/10^6 -> 1647.447 | S12: 2014 | T12: =V12*$C$15/$E$15 -> 2574882.7 | U12: =V12*$D$15/$E$15 -> 3028117.3 | V12: 5603000 | Y12: 2014 | Z12: =V12/E12 -> 1.1489935 | AA12: =Z12/$Z$8 -> 0.98994745 | AE12: 2014 | AF12: =C12*$AA12 -> 2201382.8 | AG12: =D12*$AA12 -> 2626038.5 | AH12: =E12*$AA12 -> 4827421.3 | AK12: 2014 | AL12: =AF12*$P$2*$P$4/10^6 -> 743.71057 | AM12: =AG12*$P$2*$P$4/10^6 -> 887.17539 | AN12: =AH12*$P$2*$P$4/10^6 -> 1630.886
B13: 2015 | C13: 2246638 | D13: 2666283 | E13: 4912921 | H13: 2015 | I13: =C13*$P$2*$P$4/10^6 -> 758.9995 | J13: =D13*$P$2*$P$4/10^6 -> 900.77149 | K13: =E13*$P$2*$P$4/10^6 -> 1659.771 | S13: 2015 | T13: =V13*$C$15/$E$15 -> 2585912 | U13: =V13*$D$15/$E$15 -> 3041088 | V13: 5627000 | Y13: 2015 | Z13: =V13/E13 -> 1.1453471 | AA13: =Z13/$Z$8 -> 0.98680585 | AE13: 2015 | AF13: =C13*$AA13 -> 2216995.5 | AG13: =D13*$AA13 -> 2631103.7 | AH13: =E13*$AA13 -> 4848099.2 | AK13: 2015 | AL13: =AF13*$P$2*$P$4/10^6 -> 748.98515 | AM13: =AG13*$P$2*$P$4/10^6 -> 888.88658 | AN13: =AH13*$P$2*$P$4/10^6 -> 1637.8717
B14: 2016 | C14: 2267174 | D14: 2678232 | E14: 4945406 | H14: 2016 | I14: =C14*$P$2*$P$4/10^6 -> 765.93734 | J14: =D14*$P$2*$P$4/10^6 -> 904.80832 | K14: =E14*$P$2*$P$4/10^6 -> 1670.7457 | S14: 2016 | T14: =V14*$C$15/$E$15 -> 2622676.4 | U14: =V14*$D$15/$E$15 -> 3084323.6 | V14: 5707000 | Y14: 2016 | Z14: =V14/E14 -> 1.1540003 | AA14: =Z14/$Z$8 -> 0.99426122 | AE14: 2016 | AF14: =C14*$AA14 -> 2254163.2 | AG14: =D14*$AA14 -> 2662862.2 | AH14: =E14*$AA14 -> 4917025.4 | AK14: 2016 | AL14: =AF14*$P$2*$P$4/10^6 -> 761.5418 | AM14: =AG14*$P$2*$P$4/10^6 -> 899.61582 | AN14: =AH14*$P$2*$P$4/10^6 -> 1661.1576
B15: 2017 | C15: 2286733 | D15: 2689247 | E15: 4975980 | H15: 2017 | I15: =C15*$P$2*$P$4/10^6 -> 772.54511 | J15: =D15*$P$2*$P$4/10^6 -> 908.5296 | K15: =E15*$P$2*$P$4/10^6 -> 1681.0747 | S15: 2017 | T15: =V15*$C$15/$E$15 -> 2641977.7 | U15: =V15*$D$15/$E$15 -> 3107022.3 | V15: 5749000 | Y15: 2017 | Z15: =V15/E15 -> 1.1553503 | AA15: =Z15/$Z$8 -> 0.99542436 | AE15: 2017 | AF15: =C15*$AA15 -> 2276269.7 | AG15: =D15*$AA15 -> 2676942 | AH15: =E15*$AA15 -> 4953211.7 | AK15: 2017 | AL15: =AF15*$P$2*$P$4/10^6 -> 769.01022 | AM15: =AG15*$P$2*$P$4/10^6 -> 904.3725 | AN15: =AH15*$P$2*$P$4/10^6 -> 1673.3827
B16: 2018 | C16: 2304325 | D16: 2698716 | E16: 5003041 | H16: 2018 | I16: =C16*$P$2*$P$4/10^6 -> 778.48836 | J16: =D16*$P$2*$P$4/10^6 -> 911.72859 | K16: =E16*$P$2*$P$4/10^6 -> 1690.2169 | S16: 2018 | T16: 2657600 | U16: 3123507 | V16: =SUM(T16:U16) -> 5781107 | Y16: 2018 | Z16: =V16/E16 -> 1.1555186 | AA16: =Z16/$Z$8 -> 0.99556937 | AE16: 2018 | AF16: =C16*$AA16 -> 2294115.4 | AG16: =D16*$AA16 -> 2686759 | AH16: =E16*$AA16 -> 4980874.4 | AK16: 2018 | AL16: =AF16*$P$2*$P$4/10^6 -> 775.03916 | AM16: =AG16*$P$2*$P$4/10^6 -> 907.68906 | AN16: =AH16*$P$2*$P$4/10^6 -> 1682.7282
B17: 2019 | C17: 2320670 | D17: 2708097 | E17: 5028767 | H17: 2019 | I17: =C17*$P$2*$P$4/10^6 -> 784.01032 | J17: =D17*$P$2*$P$4/10^6 -> 914.89785 | K17: =E17*$P$2*$P$4/10^6 -> 1698.9082 | S17: 2019 | T17: 2678707 | U17: 3135513 | V17: =SUM(T17:U17) -> 5814220 | Y17: 2019 | Z17: =V17/E17 -> 1.156192 | AA17: =Z17/$Z$8 -> 0.99614951 | AE17: 2019 | AF17: =C17*$AA17 -> 2311734.3 | AG17: =D17*$AA17 -> 2697669.5 | AH17: =E17*$AA17 -> 5009403.8 | AK17: 2019 | AL17: =AF17*$P$2*$P$4/10^6 -> 780.9915 | AM17: =AG17*$P$2*$P$4/10^6 -> 911.37505 | AN17: =AH17*$P$2*$P$4/10^6 -> 1692.3665
B18: 2020 | C18: 2334482 | D18: 2715050 | E18: 5049532 | H18: 2020 | I18: =C18*$P$2*$P$4/10^6 -> 788.67654 | J18: =D18*$P$2*$P$4/10^6 -> 917.24684 | K18: =E18*$P$2*$P$4/10^6 -> 1705.9234 | S18: 2020 | T18: 2698116 | U18: 3146679 | V18: =SUM(T18:U18) -> 5844795 | Y18: 2020 | Z18: =V18/E18 -> 1.1574924 | AA18: =Z18/$Z$8 -> 0.99726995 | AE18: 2020 | AF18: =C18*$AA18 -> 2328108.8 | AG18: =D18*$AA18 -> 2707637.8 | AH18: =E18*$AA18 -> 5035746.5 | AK18: 2020 | AL18: =AF18*$P$2*$P$4/10^6 -> 786.52341 | AM18: =AG18*$P$2*$P$4/10^6 -> 914.74271 | AN18: =AH18*$P$2*$P$4/10^6 -> 1701.2661
B19: 2021 | C19: 2347523 | D19: 2721385 | E19: 5068908 | H19: 2021 | I19: =C19*$P$2*$P$4/10^6 -> 793.08228 | J19: =D19*$P$2*$P$4/10^6 -> 919.38704 | K19: =E19*$P$2*$P$4/10^6 -> 1712.4693 | S19: 2021 | T19: 2716720 | U19: 3156661 | V19: =SUM(T19:U19) -> 5873381 | Y19: 2021 | Z19: =V19/E19 -> 1.1587074 | AA19: =Z19/$Z$8 -> 0.99831672 | AE19: 2021 | AF19: =C19*$AA19 -> 2343571.5 | AG19: =D19*$AA19 -> 2716804.1 | AH19: =E19*$AA19 -> 5060375.6 | AK19: 2021 | AL19: =AF19*$P$2*$P$4/10^6 -> 791.7473 | AM19: =AG19*$P$2*$P$4/10^6 -> 917.83945 | AN19: =AH19*$P$2*$P$4/10^6 -> 1709.5868
B20: 2022 | C20: 2356963 | D20: 2724709 | E20: 5081672 | H20: 2022 | I20: =C20*$P$2*$P$4/10^6 -> 796.27147 | J20: =D20*$P$2*$P$4/10^6 -> 920.51001 | K20: =E20*$P$2*$P$4/10^6 -> 1716.7815 | S20: 2022 | T20: 2734303 | U20: 3166511 | V20: =SUM(T20:U20) -> 5900814 | Y20: 2022 | Z20: =V20/E20 -> 1.1611954 | AA20: =Z20/$Z$8 -> 1.0004603 | AE20: 2022 | AF20: =C20*$AA20 -> 2358048 | AG20: =D20*$AA20 -> 2725963.3 | AH20: =E20*$AA20 -> 5084011.3 | AK20: 2022 | AL20: =AF20*$P$2*$P$4/10^6 -> 796.63802 | AM20: =AG20*$P$2*$P$4/10^6 -> 920.93376 | AN20: =AH20*$P$2*$P$4/10^6 -> 1717.5718
B21: 2023 | C21: 2364762 | D21: 2726636 | E21: 5091398 | H21: 2023 | I21: =C21*$P$2*$P$4/10^6 -> 798.90627 | J21: =D21*$P$2*$P$4/10^6 -> 921.16103 | K21: =E21*$P$2*$P$4/10^6 -> 1720.0673 | S21: 2023 | T21: 2751292 | U21: 3176484 | V21: =SUM(T21:U21) -> 5927776 | Y21: 2023 | Z21: =V21/E21 -> 1.1642728 | AA21: =Z21/$Z$8 -> 1.0031117 | AE21: 2023 | AF21: =C21*$AA21 -> 2372120.5 | AG21: =D21*$AA21 -> 2735120.6 | AH21: =E21*$AA21 -> 5107241.1 | AK21: 2023 | AL21: =AF21*$P$2*$P$4/10^6 -> 801.39226 | AM21: =AG21*$P$2*$P$4/10^6 -> 924.02745 | AN21: =AH21*$P$2*$P$4/10^6 -> 1725.4197
B22: 2024 | C22: 2370504 | D22: 2726993 | E22: 5097497 | H22: 2024 | I22: =C22*$P$2*$P$4/10^6 -> 800.84613 | J22: =D22*$P$2*$P$4/10^6 -> 921.28163 | K22: =E22*$P$2*$P$4/10^6 -> 1722.1278 | S22: 2024 | T22: 2767951 | U22: 3186720 | V22: =SUM(T22:U22) -> 5954671 | Y22: 2024 | Z22: =V22/E22 -> 1.1681559 | AA22: =Z22/$Z$8 -> 1.0064573 | AE22: 2024 | AF22: =C22*$AA22 -> 2385811.2 | AG22: =D22*$AA22 -> 2744602.1 | AH22: =E22*$AA22 -> 5130413.3 | AK22: 2024 | AL22: =AF22*$P$2*$P$4/10^6 -> 806.01747 | AM22: =AG22*$P$2*$P$4/10^6 -> 927.23066 | AN22: =AH22*$P$2*$P$4/10^6 -> 1733.2481
B23: 2025 | C23: 2376092 | D23: 2727475 | E23: 5103567 | H23: 2025 | I23: =C23*$P$2*$P$4/10^6 -> 802.73397 | J23: =D23*$P$2*$P$4/10^6 -> 921.44447 | K23: =E23*$P$2*$P$4/10^6 -> 1724.1784 | S23: 2025 | T23: 2784425 | U23: 3197217 | V23: =SUM(T23:U23) -> 5981642 | Y23: 2025 | Z23: =V23/E23 -> 1.1720512 | AA23: =Z23/$Z$8 -> 1.0098135 | AE23: 2025 | AF23: =C23*$AA23 -> 2399409.8 | AG23: =D23*$AA23 -> 2754241.1 | AH23: =E23*$AA23 -> 5153650.9 | AK23: 2025 | AL23: =AF23*$P$2*$P$4/10^6 -> 810.61161 | AM23: =AG23*$P$2*$P$4/10^6 -> 930.48708 | AN23: =AH23*$P$2*$P$4/10^6 -> 1741.0987
B24: 2026 | C24: 2380668 | D24: 2727694 | E24: 5108362 | H24: 2026 | I24: =C24*$P$2*$P$4/10^6 -> 804.27992 | J24: =D24*$P$2*$P$4/10^6 -> 921.51846 | K24: =E24*$P$2*$P$4/10^6 -> 1725.7984 | S24: 2026 | T24: 2800624 | U24: 3207826 | V24: =SUM(T24:U24) -> 6008450 | Y24: 2026 | Z24: =V24/E24 -> 1.1761989 | AA24: =Z24/$Z$8 -> 1.0133871 | AE24: 2026 | AF24: =C24*$AA24 -> 2412538.2 | AG24: =D24*$AA24 -> 2764209.9 | AH24: =E24*$AA24 -> 5176748.1 | AK24: 2026 | AL24: =AF24*$P$2*$P$4/10^6 -> 815.04688 | AM24: =AG24*$P$2*$P$4/10^6 -> 933.85491 | AN24: =AH24*$P$2*$P$4/10^6 -> 1748.9018
B25: 2027 | C25: 2384938 | D25: 2727654 | E25: 5112592 | H25: 2027 | I25: =C25*$P$2*$P$4/10^6 -> 805.72249 | J25: =D25*$P$2*$P$4/10^6 -> 921.50494 | K25: =E25*$P$2*$P$4/10^6 -> 1727.2274 | S25: 2027 | T25: 2816435 | U25: 3218373 | V25: =SUM(T25:U25) -> 6034808 | Y25: 2027 | Z25: =V25/E25 -> 1.1803813 | AA25: =Z25/$Z$8 -> 1.0169905 | AE25: 2027 | AF25: =C25*$AA25 -> 2425459.3 | AG25: =D25*$AA25 -> 2773998.2 | AH25: =E25*$AA25 -> 5199457.6 | AK25: 2027 | AL25: =AF25*$P$2*$P$4/10^6 -> 819.41212 | AM25: =AG25*$P$2*$P$4/10^6 -> 937.16179 | AN25: =AH25*$P$2*$P$4/10^6 -> 1756.5739
B26: 2028 | C26: 2387429 | D26: 2726434 | E26: 5113863 | H26: 2028 | I26: =C26*$P$2*$P$4/10^6 -> 806.56404 | J26: =D26*$P$2*$P$4/10^6 -> 921.09278 | K26: =E26*$P$2*$P$4/10^6 -> 1727.6568 | S26: 2028 | T26: 2831787 | U26: 3228682 | V26: =SUM(T26:U26) -> 6060469 | Y26: 2028 | Z26: =V26/E26 -> 1.1851059 | AA26: =Z26/$Z$8 -> 1.0210611 | AE26: 2028 | AF26: =C26*$AA26 -> 2437710.8 | AG26: =D26*$AA26 -> 2783855.7 | AH26: =E26*$AA26 -> 5221566.5 | AK26: 2028 | AL26: =AF26*$P$2*$P$4/10^6 -> 823.55115 | AM26: =AG26*$P$2*$P$4/10^6 -> 940.492 | AN26: =AH26*$P$2*$P$4/10^6 -> 1764.0432
B27: 2029 | C27: 2389346 | D27: 2725037 | E27: 5114383 | H27: 2029 | I27: =C27*$P$2*$P$4/10^6 -> 807.21167 | J27: =D27*$P$2*$P$4/10^6 -> 920.62082 | K27: =E27*$P$2*$P$4/10^6 -> 1727.8325 | S27: 2029 | T27: 2846649 | U27: 3238601 | V27: =SUM(T27:U27) -> 6085250 | Y27: 2029 | Z27: =V27/E27 -> 1.1898307 | AA27: =Z27/$Z$8 -> 1.0251319 | AE27: 2029 | AF27: =C27*$AA27 -> 2449394.9 | AG27: =D27*$AA27 -> 2793522.4 | AH27: =E27*$AA27 -> 5242917.3 | AK27: 2029 | AL27: =AF27*$P$2*$P$4/10^6 -> 827.49846 | AM27: =AG27*$P$2*$P$4/10^6 -> 943.75779 | AN27: =AH27*$P$2*$P$4/10^6 -> 1771.2562
... B43: 2045 | C43: 2448973 | D43: 2753635 | E43: 5202608 | H43: 2045 | I43: =C43*$P$2*$P$4/10^6 -> 827.35594 | J43: =D43*$P$2*$P$4/10^6 -> 930.28231 | K43: =E43*$P$2*$P$4/10^6 -> 1757.6382 | S43: 2045 | T43: 3016481 | U43: 3346842 | V43: =SUM(T43:U43) -> 6363323 | Y43: 2045 | Z43: =V43/E43 -> 1.2231025 | AA43: =Z43/$Z$8 -> 1.0537982 | AE43: 2045 | AF43: =C43*$AA43 -> 2580723.3 | AG43: =D43*$AA43 -> 2901775.6 | AH43: =E43*$AA43 -> 5482498.8 | AK43: 2045 | AL43: =AF43*$P$2*$P$4/10^6 -> 871.86618 | AM43: =AG43*$P$2*$P$4/10^6 -> 980.32981 | AN43: =AH43*$P$2*$P$4/10^6 -> 1852.196
B44: 2046 | C44: 2448973 | D44: 2753635 | E44: 5202608 | H44: 2046 | I44: =C44*$P$2*$P$4/10^6 -> 827.35594 | J44: =D44*$P$2*$P$4/10^6 -> 930.28231 | K44: =E44*$P$2*$P$4/10^6 -> 1757.6382 | S44: 2046 | T44: =T43 -> 3016481 | U44: =U43 -> 3346842 | V44: =SUM(T44:U44) -> 6363323 | Y44: 2046 | Z44: =V44/E44 -> 1.2231025 | AA44: =Z44/$Z$8 -> 1.0537982 | AE44: 2046 | AF44: =C44*$AA44 -> 2580723.3 | AG44: =D44*$AA44 -> 2901775.6 | AH44: =E44*$AA44 -> 5482498.8 | AK44: 2046 | AL44: =AF44*$P$2*$P$4/10^6 -> 871.86618 | AM44: =AG44*$P$2*$P$4/10^6 -> 980.32981 | AN44: =AH44*$P$2*$P$4/10^6 -> 1852.196
B45: 2047 | C45: 2448973 | D45: 2753635 | E45: 5202608 | H45: 2047 | I45: =C45*$P$2*$P$4/10^6 -> 827.35594 | J45: =D45*$P$2*$P$4/10^6 -> 930.28231 | K45: =E45*$P$2*$P$4/10^6 -> 1757.6382 | S45: 2047 | T45: =T44 -> 3016481 | U45: =U44 -> 3346842 | V45: =SUM(T45:U45) -> 6363323 | Y45: 2047 | Z45: =V45/E45 -> 1.2231025 | AA45: =Z45/$Z$8 -> 1.0537982 | AE45: 2047 | AF45: =C45*$AA45 -> 2580723.3 | AG45: =D45*$AA45 -> 2901775.6 | AH45: =E45*$AA45 -> 5482498.8 | AK45: 2047 | AL45: =AF45*$P$2*$P$4/10^6 -> 871.86618 | AM45: =AG45*$P$2*$P$4/10^6 -> 980.32981 | AN45: =AH45*$P$2*$P$4/10^6 -> 1852.196
B46: 2048 | C46: 2448973 | D46: 2753635 | E46: 5202608 | H46: 2048 | I46: =C46*$P$2*$P$4/10^6 -> 827.35594 | J46: =D46*$P$2*$P$4/10^6 -> 930.28231 | K46: =E46*$P$2*$P$4/10^6 -> 1757.6382 | S46: 2048 | T46: =T45 -> 3016481 | U46: =U45 -> 3346842 | V46: =SUM(T46:U46) -> 6363323 | Y46: 2048 | Z46: =V46/E46 -> 1.2231025 | AA46: =Z46/$Z$8 -> 1.0537982 | AE46: 2048 | AF46: =C46*$AA46 -> 2580723.3 | AG46: =D46*$AA46 -> 2901775.6 | AH46: =E46*$AA46 -> 5482498.8 | AK46: 2048 | AL46: =AF46*$P$2*$P$4/10^6 -> 871.86618 | AM46: =AG46*$P$2*$P$4/10^6 -> 980.32981 | AN46: =AH46*$P$2*$P$4/10^6 -> 1852.196
B47: 2049 | C47: 2448973 | D47: 2753635 | E47: 5202608 | H47: 2049 | I47: =C47*$P$2*$P$4/10^6 -> 827.35594 | J47: =D47*$P$2*$P$4/10^6 -> 930.28231 | K47: =E47*$P$2*$P$4/10^6 -> 1757.6382 | S47: 2049 | T47: =T46 -> 3016481 | U47: =U46 -> 3346842 | V47: =SUM(T47:U47) -> 6363323 | Y47: 2049 | Z47: =V47/E47 -> 1.2231025 | AA47: =Z47/$Z$8 -> 1.0537982 | AE47: 2049 | AF47: =C47*$AA47 -> 2580723.3 | AG47: =D47*$AA47 -> 2901775.6 | AH47: =E47*$AA47 -> 5482498.8 | AK47: 2049 | AL47: =AF47*$P$2*$P$4/10^6 -> 871.86618 | AM47: =AG47*$P$2*$P$4/10^6 -> 980.32981 | AN47: =AH47*$P$2*$P$4/10^6 -> 1852.196
B48: 2050 | C48: 2448973 | D48: 2753635 | E48: 5202608 | H48: 2050 | I48: =C48*$P$2*$P$4/10^6 -> 827.35594 | J48: =D48*$P$2*$P$4/10^6 -> 930.28231 | K48: =E48*$P$2*$P$4/10^6 -> 1757.6382 | S48: 2050 | T48: =T47 -> 3016481 | U48: =U47 -> 3346842 | V48: =SUM(T48:U48) -> 6363323 | Y48: 2050 | Z48: =V48/E48 -> 1.2231025 | AA48: =Z48/$Z$8 -> 1.0537982 | AE48: 2050 | AF48: =C48*$AA48 -> 2580723.3 | AG48: =D48*$AA48 -> 2901775.6 | AH48: =E48*$AA48 -> 5482498.8 | AK48: 2050 | AL48: =AF48*$P$2*$P$4/10^6 -> 871.86618 | AM48: =AG48*$P$2*$P$4/10^6 -> 980.32981 | AN48: =AH48*$P$2*$P$4/10^6 -> 1852.196

Sheet TTB from TIMES population
B2: Data on population projections from statistics denmark | J2: MINTTB East | L2: 642.0953
B3: http://www.statistikbanken.dk/statbank5a/default.asp?w=1920 | J3: MINTTB West | L3: 747.7762
B5: Population projection | J5: Travel time budget calibrated with results of first run
C6: DKE | D6: DKW | E6: Total | G6: Population relative growth | K6: DKE | L6: DKW | M6: Total
B7: 2010 | C7: =E7*$C$15/$E$15 -> 2544463.5 | D7: =E7*$D$15/$E$15 -> 2990536.5 | E7: 5535000 | G7: 1 | H7: 1 | I7: =E7/$E$7 -> 1 | J7: 2010 | K7: =$L$2*G7 -> 642.0953 | L7: =$L$3*H7 -> 747.7762 | M7: =SUM(K7:L7) -> 1389.8715 | P7: Attribute | Q7: Year | R7: DKE | S7: DKW | T7: Pset_PN
B8: 2011 | C8: =E8*$C$15/$E$15 -> 2556415.9 | D8: =E8*$D$15/$E$15 -> 3004584.1 | E8: 5561000 | G8: =C8/$C$7 -> 1.0046974 | H8: =D8/$D$7 -> 1.0046974 | I8: =E8/$E$7 -> 1.0046974 | J8: 2011 | K8: =$L$2*G8 -> 645.11147 | L8: =$L$3*H8 -> 751.28879 | M8: =SUM(K8:L8) -> 1396.4003 | P8: ACT_BND | Q8: 2010 | R8: =K7 -> 642.0953 | S8: =L7 -> 747.7762 | T8: MINTTB | X8: Travel time budget calculations based on historical surveys made for denmark on travel time
B9: 2012 | C9: =E9*$C$15/$E$15 -> 2565609.9 | D9: =E9*$D$15/$E$15 -> 3015390.1 | E9: 5581000 | G9: =C9/$C$7 -> 1.0083107 | H9: =D9/$D$7 -> 1.0083107 | I9: =E9/$E$7 -> 1.0083107 | J9: 2012 | K9: =$L$2*G9 -> 647.43159 | L9: =$L$3*H9 -> 753.99078 | M9: =SUM(K9:L9) -> 1401.4224 | P9: ACT_BND | Q9: 2020 | R9: =$R$8*G17 -> 680.86949 | S9: =$S$8*H17 -> 786.81925 | T9: MINTTB | X9: 54.8 | Y9: min | Z9: https://www.sciencedirect.com/science/article/pii/S0301421517307474?via%3Dihub
B10: 2013 | C10: =E10*$C$15/$E$15 -> 2575723.4 | D10: =E10*$D$15/$E$15 -> 3027276.6 | E10: 5603000 | G10: =C10/$C$7 -> 1.0122855 | H10: =D10/$D$7 -> 1.0122855 | I10: =E10/$E$7 -> 1.0122855 | J10: 2013 | K10: =$L$2*G10 -> 649.98373 | L10: =$L$3*H10 -> 756.96297 | M10: =SUM(K10:L10) -> 1406.9467 | P10: ACT_BND | Q10: 2030 | R10: =$R$8*G27 -> 721.96948 | S10: =$S$8*H27 -> 812.18032 | T10: MINTTB | X10: =X9/60 -> 0.91333333 | Y10: Hours per day/person
B11: 2014 | C11: =E11*$C$15/$E$15 -> 2575723.4 | D11: =E11*$D$15/$E$15 -> 3027276.6 | E11: 5603000 | G11: =C11/$C$7 -> 1.0122855 | H11: =D11/$D$7 -> 1.0122855 | I11: =E11/$E$7 -> 1.0122855 | J11: 2014 | K11: =$L$2*G11 -> 649.98373 | L11: =$L$3*H11 -> 756.96297 | M11: =SUM(K11:L11) -> 1406.9467 | P11: ACT_BND | Q11: 2040 | R11: =$R$8*G37 -> 750.5731 | S11: =$S$8*H37 -> 830.62958 | T11: MINTTB
B12: 2015 | C12: =E12*$C$15/$E$15 -> 2586756.3 | D12: =E12*$D$15/$E$15 -> 3040243.7 | E12: 5627000 | G12: =C12/$C$7 -> 1.0166215 | H12: =D12/$D$7 -> 1.0166215 | I12: =E12/$E$7 -> 1.0166215 | J12: 2015 | K12: =$L$2*G12 -> 652.76789 | L12: =$L$3*H12 -> 760.20536 | M12: =SUM(K12:L12) -> 1412.9732 | P12: ACT_BND | Q12: 2050 | R12: =$R$8*G47 -> 761.20889 | S12: =$S$8*H47 -> 836.86951 | T12: MINTTB | X12: =X10*365 -> 333.36667 | Y12: Hours per year/person
B13: 2016 | C13: =E13*$C$15/$E$15 -> 2623532.7 | D13: =E13*$D$15/$E$15 -> 3083467.3 | E13: 5707000 | G13: =C13/$C$7 -> 1.031075 | H13: =D13/$D$7 -> 1.031075 | I13: =E13/$E$7 -> 1.031075 | J13: 2016 | K13: =$L$2*G13 -> 662.0484 | L13: =$L$3*H13 -> 771.01333 | M13: =SUM(K13:L13) -> 1433.0617 | P13: ACT_BND | Q13: 0 | R13: 5 | S13: 5 | T13: MINTTB | X13: DKE | Y13: DKW
B14: 2017 | C14: =E14*$C$15/$E$15 -> 2642840.3 | D14: =E14*$D$15/$E$15 -> 3106159.7 | E14: 5749000 | G14: =C14/$C$7 -> 1.0386631 | H14: =D14/$D$7 -> 1.0386631 | I14: =E14/$E$7 -> 1.0386631 | J14: 2017 | K14: =$L$2*G14 -> 666.92066 | L14: =$L$3*H14 -> 776.68751 | M14: =SUM(K14:L14) -> 1443.6082 | X14: =X12*C7 -> 8.4823933e+08 | Y14: =X12*D7 -> 9.9694517e+08
B15: 2018 | C15: 2657600 | D15: 3123507 | E15: =SUM(C15:D15) -> 5781107 | G15: =C15/$C$7 -> 1.0444638 | H15: =D15/$D$7 -> 1.0444638 | I15: =E15/$E$7 -> 1.0444638 | J15: 2018 | K15: =$L$2*G15 -> 670.64528 | L15: =$L$3*H15 -> 781.02515 | M15: =SUM(K15:L15) -> 1451.6704
B16: 2019 | C16: 2678707 | D16: 3135513 | E16: =SUM(C16:D16) -> 5814220 | G16: =C16/$C$7 -> 1.052759 | H16: =D16/$D$7 -> 1.0484784 | I16: =E16/$E$7 -> 1.0504463 | J16: 2019 | K16: =$L$2*G16 -> 675.97163 | L16: =$L$3*H16 -> 784.02722 | M16: =SUM(K16:L16) -> 1459.9989
B17: 2020 | C17: 2698116 | D17: 3146679 | E17: =SUM(C17:D17) -> 5844795 | G17: =C17/$C$7 -> 1.060387 | H17: =D17/$D$7 -> 1.0522122 | I17: =E17/$E$7 -> 1.0559702 | J17: 2020 | K17: =$L$2*G17 -> 680.86949 | L17: =$L$3*H17 -> 786.81925 | M17: =SUM(K17:L17) -> 1467.6887
B18: 2021 | C18: 2716720 | D18: 3156661 | E18: =SUM(C18:D18) -> 5873381 | G18: =C18/$C$7 -> 1.0676985 | H18: =D18/$D$7 -> 1.0555501 | I18: =E18/$E$7 -> 1.0611348 | J18: 2021 | K18: =$L$2*G18 -> 685.56421 | L18: =$L$3*H18 -> 789.31523 | M18: =SUM(K18:L18) -> 1474.8794
B19: 2022 | C19: 2734303 | D19: 3166511 | E19: =SUM(C19:D19) -> 5900814 | G19: =C19/$C$7 -> 1.0746088 | H19: =D19/$D$7 -> 1.0588438 | I19: =E19/$E$7 -> 1.0660911 | J19: 2022 | K19: =$L$2*G19 -> 690.00128 | L19: =$L$3*H19 -> 791.7782 | M19: =SUM(K19:L19) -> 1481.7795
B20: 2023 | C20: 2751292 | D20: 3176484 | E20: =SUM(C20:D20) -> 5927776 | G20: =C20/$C$7 -> 1.0812857 | H20: =D20/$D$7 -> 1.0621787 | I20: =E20/$E$7 -> 1.0709622 | J20: 2023 | K20: =$L$2*G20 -> 694.28846 | L20: =$L$3*H20 -> 794.27192 | M20: =SUM(K20:L20) -> 1488.5604
B21: 2024 | C21: 2767951 | D21: 3186720 | E21: =SUM(C21:D21) -> 5954671 | G21: =C21/$C$7 -> 1.0878328 | H21: =D21/$D$7 -> 1.0656015 | I21: =E21/$E$7 -> 1.0758213 | J21: 2024 | K21: =$L$2*G21 -> 698.49235 | L21: =$L$3*H21 -> 796.83141 | M21: =SUM(K21:L21) -> 1495.3238
B22: 2025 | C22: 2784425 | D22: 3197217 | E22: =SUM(C22:D22) -> 5981642 | G22: =C22/$C$7 -> 1.0943073 | H22: =D22/$D$7 -> 1.0691115 | I22: =E22/$E$7 -> 1.0806941 | J22: 2025 | K22: =$L$2*G22 -> 702.64957 | L22: =$L$3*H22 -> 799.45616 | M22: =SUM(K22:L22) -> 1502.1057
B23: 2026 | C23: 2800624 | D23: 3207826 | E23: =SUM(C23:D23) -> 6008450 | G23: =C23/$C$7 -> 1.1006737 | H23: =D23/$D$7 -> 1.0726591 | I23: =E23/$E$7 -> 1.0855375 | J23: 2026 | K23: =$L$2*G23 -> 706.73738 | L23: =$L$3*H23 -> 802.10891 | M23: =SUM(K23:L23) -> 1508.8463
B24: 2027 | C24: 2816435 | D24: 3218373 | E24: =SUM(C24:D24) -> 6034808 | G24: =C24/$C$7 -> 1.1068875 | H24: =D24/$D$7 -> 1.0761858 | I24: =E24/$E$7 -> 1.0902995 | J24: 2027 | K24: =$L$2*G24 -> 710.72729 | L24: =$L$3*H24 -> 804.74616 | M24: =SUM(K24:L24) -> 1515.4734
B25: 2028 | C25: 2831787 | D25: 3228682 | E25: =SUM(C25:D25) -> 6060469 | G25: =C25/$C$7 -> 1.112921 | H25: =D25/$D$7 -> 1.0796331 | I25: =E25/$E$7 -> 1.0949357 | J25: 2028 | K25: =$L$2*G25 -> 714.60137 | L25: =$L$3*H25 -> 807.3239 | M25: =SUM(K25:L25) -> 1521.9253
B26: 2029 | C26: 2846649 | D26: 3238601 | E26: =SUM(C26:D26) -> 6085250 | G26: =C26/$C$7 -> 1.118762 | H26: =D26/$D$7 -> 1.0829498 | I26: =E26/$E$7 -> 1.0994128 | J26: 2029 | K26: =$L$2*G26 -> 718.35179 | L26: =$L$3*H26 -> 809.80412 | M26: =SUM(K26:L26) -> 1528.1559
... B42: 2045 | C42: 3016481 | D42: 3346842 | E42: =SUM(C42:D42) -> 6363323 | G42: =C42/$C$7 -> 1.1855077 | H42: =D42/$D$7 -> 1.1191444 | I42: =E42/$E$7 -> 1.1496519 | J42: 2045 | K42: =$L$2*G42 -> 761.20889 | L42: =$L$3*H42 -> 836.86951 | M42: =SUM(K42:L42) -> 1598.0784
B43: 2046 | C43: =C42 -> 3016481 | D43: =D42 -> 3346842 | E43: =SUM(C43:D43) -> 6363323 | G43: =C43/$C$7 -> 1.1855077 | H43: =D43/$D$7 -> 1.1191444 | I43: =E43/$E$7 -> 1.1496519 | J43: 2046 | K43: =$L$2*G43 -> 761.20889 | L43: =$L$3*H43 -> 836.86951 | M43: =SUM(K43:L43) -> 1598.0784
B44: 2047 | C44: =C43 -> 3016481 | D44: =D43 -> 3346842 | E44: =SUM(C44:D44) -> 6363323 | G44: =C44/$C$7 -> 1.1855077 | H44: =D44/$D$7 -> 1.1191444 | I44: =E44/$E$7 -> 1.1496519 | J44: 2047 | K44: =$L$2*G44 -> 761.20889 | L44: =$L$3*H44 -> 836.86951 | M44: =SUM(K44:L44) -> 1598.0784
B45: 2048 | C45: =C44 -> 3016481 | D45: =D44 -> 3346842 | E45: =SUM(C45:D45) -> 6363323 | G45: =C45/$C$7 -> 1.1855077 | H45: =D45/$D$7 -> 1.1191444 | I45: =E45/$E$7 -> 1.1496519 | J45: 2048 | K45: =$L$2*G45 -> 761.20889 | L45: =$L$3*H45 -> 836.86951 | M45: =SUM(K45:L45) -> 1598.0784
B46: 2049 | C46: =C45 -> 3016481 | D46: =D45 -> 3346842 | E46: =SUM(C46:D46) -> 6363323 | G46: =C46/$C$7 -> 1.1855077 | H46: =D46/$D$7 -> 1.1191444 | I46: =E46/$E$7 -> 1.1496519 | J46: 2049 | K46: =$L$2*G46 -> 761.20889 | L46: =$L$3*H46 -> 836.86951 | M46: =SUM(K46:L46) -> 1598.0784
B47: 2050 | C47: =C46 -> 3016481 | D47: =D46 -> 3346842 | E47: =SUM(C47:D47) -> 6363323 | G47: =C47/$C$7 -> 1.1855077 | H47: =D47/$D$7 -> 1.1191444 | I47: =E47/$E$7 -> 1.1496519 | J47: 2050 | K47: =$L$2*G47 -> 761.20889 | L47: =$L$3*H47 -> 836.86951 | M47: =SUM(K47:L47) -> 1598.0784

Sheet Speed
B2: From Transport base constraint
O3: Modal speed by trip distance [km/h]
P4: Extra Short | Q4: Short | R4: Medium | S4: Long
B5: Attribute | C5: PSET_PN | D5: CSET_CN | E5: DKE | F5: DKW | O5: Car | P5: =X15 -> 30.314584 | Q5: =X16 -> 48.43151 | R5: 63.011105 | S5: 78.386393
C6: TPCA* | D6: TIMECXS, TIMECS, TIMECM, TIMECL | E6: IN | F6: IN | O6: Bus | P6: 20.980333 | Q6: 31.407178 | R6: 47.350725 | S6: 64.917008
C7: TPBU* | D7: TIMEBXS, TIMEBS, TIMEBM, TIMEBL | E7: IN | F7: IN | O7: Coach | Q7: 36.782436 | R7: 58.592852 | S7: 70.68684 | W7: km/h | X7: counts | Y7: weigth
C8: TPCO* | D8: TIMEBXS, TIMEBS, TIMEBM, TIMEBL | E8: IN | F8: IN | O8: Train | Q8: 60.840995 | R8: 70.819516 | S8: 91.327718 | V8: 0-3 km | W8: 26.75266 | X8: 62084 | Y8: 339.6934
C9: TPMT* | D9: TIMEMTS, TIMEMTM, TIMEMTL | E9: IN | F9: IN | O9: S-train | P9: 36.10735 | Q9: 45.280434 | R9: 55.080236 | V9: 3-5 km | W9: 37.33909 | X9: 31481 | Y9: 342.7629
C10: TPMP* | D10: TIMEMPXS, TIMEMPS, TIMEMPM, TIMEMPL | E10: IN | F10: IN | O10: Metro | P10: 31.721662 | Q10: 39.654932 | V10: 5-9 km | W10: 41.88586 | X10: 32834 | Y10: 342.7629
C11: TPRO* | D11: TIMETS, TIMETM, TIMETL | E11: IN | F11: IN | O11: Motorbike | Q11: 45.35444 | R11: 63.606779 | S11: 72.618478 | V11: 9-17 km | W11: 49.69223 | X11: 40352 | Y11: 343.9822
C12: TPRS* | D12: TIMESTXS, TIMESTS, TIMESTM | E12: IN | F12: IN | O12: Mopeds | P12: 26.820397 | Q12: 37.854797 | R12: 41.142393 | S12: 60.375 | V12: 17-25 km | W12: 56.14775 | X12: 21260 | Y12: 342.797
C13: TPRM* | D13: TIMEMEXS, TIMEMES | E13: IN | F13: IN | O13: Bike | P13: 15.830551 | Q13: 18.469142
C14: TPW* | D14: TIMEWXS, TIMEWS | E14: IN | F14: IN | O14: ElBike | P14: =25*0.7 -> 17.5 | Q14: =25*0.75 -> 18.75 | R14: =25*0.8 -> 20
C15: TPBIKING* | D15: TIMEBIXS,TIMEBIS | E15: IN | F15: IN | O15: Walk | P15: 5.9817794 | Q15: 5.9817794 | V15: extra short | W15: =W8*0.6+W9*0.4 -> 30.987232 | X15: =(W8*X8+W9*X9)/SUM(X8:X9) -> 30.314584 | Y15: =(W8*Y8+W9*Y9)/SUM(Y8:Y9) -> 32.069682
C16: TPELBIK1N | D16: TIMEBIXS,TIMEBIS,TIMEBIM | E16: IN | F16: IN | O16: Airplane | S16: 330.29319 | V16: short | W16: =W10*0.2+W11*0.3+W12*0.3 -> 40.129166 | X16: =(W10*X10+W11*X11+W12*X12)/SUM(X10:X12) -> 48.43151 | Y16: =(W10*Y10+W11*Y11+W12*Y12)/SUM(Y10:Y12) -> 49.242709
O17: Ship | Q17: 25 | R17: 25 | S17: 25
M19: Travel demands | AB19: Travel time budgets
M20: 2010 | N20: 2010 | O20: 2010 | P20: 2020 | Q20: 2020 | R20: 2020 | S20: 2030 | T20: =S20 -> 2030 | U20: =T20 -> 2030 | V20: 2040 | W20: =V20 -> 2040 | X20: =W20 -> 2040 | Y20: 2050 | Z20: =Y20 -> 2050 | AA20: =Z20 -> 2050 | AB20: =M20 -> 2010 | AC20: =N20 -> 2010 | AD20: =O20 -> 2010 | AE20: =P20 -> 2020 | AF20: =Q20 -> 2020 | AG20: =R20 -> 2020 | AH20: =S20 -> 2030 | AI20: =T20 -> 2030 | ... AP20: =AA20 -> 2050
C21: Attribute | D21: Year | E21: DKE | F21: DKW | G21: Pset_PN | H21: Other_Indexes | I21: Cset_CN | M21: DK | N21: DKE | O21: DKW | P21: DK | Q21: DKE | R21: DKW | S21: DK | T21: DKE | U21: DKW | V21: DK | W21: DKE | X21: DKW | Y21: DK | Z21: DKE | AA21: DKW | AB21: DK TT | AC21: DKE tt | AD21: DKWtt | AE21: DK TT | AF21: DKE tt | AG21: DKWtt | AH21: DK TT | AI21: DKE tt | AJ21: DKWtt | AK21: DK TT | AL21: DKE tt | AM21: DKWtt | AN21: DK TT | AO21: DKE tt | AP21: DKWtt
C22: FLO_FUNC | D22: 2010 | E22: =1/$P$5 -> 0.032987423 | F22: =1/$P$5 -> 0.032987423 | G22: TPCA* | H22: TPXS | I22: TIMECXS | K22: Car | M22: {=INDEX('LTM data'!$D$47:$W$66,MATCH(Speed!$H22&Speed!M$20,'LTM data'!$C$47:$C$66&'LTM data'!$A$47:$A$66,0),MATCH(Speed!$K22,'LTM data'!$D$46:$W$46,0))} -> 3299.2425 | N22: {=INDEX('LTM data'!$D$47:$W$66,MATCH(Speed!$H22&Speed!N$20,'LTM data'!$C$47:$C$66&'LTM data'!$A$47:$A$66,0),MATCH((Speed!$K22&" DKE"),'LTM data'!$D$46:$W$46,0))} -> 1315.3946 | O22: =M22-N22 -> 1983.8479 | P22: {=INDEX('LTM data'!$D$47:$W$66,MATCH(Speed!$H22&Speed!P$20,'LTM data'!$C$47:$C$66&'LTM data'!$A$47:$A$66,0),MATCH(Speed!$K22,'LTM data'!$D$46:$W$46,0))} -> 4032.4864 | Q22: {=INDEX('LTM data'!$D$47:$W$66,MATCH(Speed!$H22&Speed!Q$20,'LTM data'!$C$47:$C$66&'LTM data'!$A$47:$A$66,0),MATCH((Speed!$K22&" DKE"),'LTM data'!$D$46:$W$46,0))} -> 1607.7359 | R22: =P22-Q22 -> 2424.7504 | S22: {=INDEX('LTM data'!$D$47:$W$66,MATCH(Speed!$H22&Speed!S$20,'LTM data'!$C$47:$C$66&'LTM data'!$A$47:$A$66,0),MATCH(Speed!$K22,'LTM data'!$D$46:$W$46,0))} -> 4204.7338 | T22: {=INDEX('LTM data'!$D$47:$W$66,MATCH(Speed!$H22&Speed!T$20,'LTM data'!$C$47:$C$66&'LTM data'!$A$47:$A$66,0),MATCH((Speed!$K22&" DKE"),'LTM data'!$D$46:$W$46,0))} -> 1676.4103 | U22: =S22-T22 -> 2528.3236 | V22: {=INDEX('LTM data'!$D$47:$W$66,MATCH(Speed!$H22&Speed!V$20,'LTM data'!$C$47:$C$66&'LTM data'!$A$47:$A$66,0),MATCH(Speed!$K22,'LTM data'!$D$46:$W$46,0))} -> 4519.7927 | W22: {=INDEX('LTM data'!$D$47:$W$66,MATCH(Speed!$H22&Speed!W$20,'LTM data'!$C$47:$C$66&'LTM data'!$A$47:$A$66,0),MATCH((Speed!$K22&" DKE"),'LTM data'!$D$46:$W$46,0))} -> 1802.023 | X22: =V22-W22 -> 2717.7697 | Y22: {=INDEX('LTM data'!$D$47:$W$66,MATCH(Speed!$H22&Speed!Y$20,'LTM data'!$C$47:$C$66&'LTM data'!$A$47:$A$66,0),MATCH(Speed!$K22,'LTM data'!$D$46:$W$46,0))} -> 4799.0015 | Z22: {=INDEX('LTM data'!$D$47:$W$66,MATCH(Speed!$H22&Speed!Z$20,'LTM data'!$C$47:$C$66&'LTM data'!$A$47:$A$66,0),MATCH((Speed!$K22&" DKE"),'LTM data'!$D$46:$W$46,0))} -> 1913.3424 | AA22: =Y22-Z22 -> 2885.6591 | AB22: =M22*$F22 -> 108.83351 | AC22: =$E22*N22 -> 43.391477 | AD22: =$F22*O22 -> 65.44203 | AE22: =P22*$F22 -> 133.02133 | AF22: =$E22*Q22 -> 53.035065 | AG22: =$F22*R22 -> 79.986268 | AH22: =S22*$F22 -> 138.70333 | AI22: =$E22*T22 -> 55.300456 | AJ22: =$F22*U22 -> 83.402878 | AK22: =V22*$F22 -> 149.09631 | AL22: =$E22*W22 -> 59.444094 | AM22: =$F22*X22 -> 89.652219 | AN22: =Y22*$F22 -> 158.30669 | AO22: =$E22*Z22 -> 63.116235 | AP22: =$F22*AA22 -> 95.190458
C23: FLO_FUNC | D23: 2010 | E23: =1/$Q$5 -> 0.020647715 | F23: =1/$Q$5 -> 0.020647715 | G23: TPCA* | H23: TPS | I23: TIMECS | K23: Car | M23: {=INDEX('LTM data'!$D$47:$W$66,MATCH(Speed!$H23&Speed!M$20,'LTM data'!$C$47:$C$66&'LTM data'!$A$47:$A$66,0),MATCH(Speed!$K23,'LTM data'!$D$46:$W$46,0))} -> 15830.087 | N23: {=INDEX('LTM data'!$D$47:$W$66,MATCH(Speed!$H23&Speed!N$20,'LTM data'!$C$47:$C$66&'LTM data'!$A$47:$A$66,0),MATCH((Speed!$K23&" DKE"),'LTM data'!$D$46:$W$46,0))} -> 6311.3791 | O23: =M23-N23 -> 9518.7083 | P23: {=INDEX('LTM data'!$D$47:$W$66,MATCH(Speed!$H23&Speed!P$20,'LTM data'!$C$47:$C$66&'LTM data'!$A$47:$A$66,0),MATCH(Speed!$K23,'LTM data'!$D$46:$W$46,0))} -> 19348.263 | Q23: {=INDEX('LTM data'!$D$47:$W$66,MATCH(Speed!$H23&Speed!Q$20,'LTM data'!$C$47:$C$66&'LTM data'!$A$47:$A$66,0),MATCH((Speed!$K23&" DKE"),'LTM data'!$D$46:$W$46,0))} -> 7714.0587 | R23: =P23-Q23 -> 11634.204 | S23: {=INDEX('LTM data'!$D$47:$W$66,MATCH(Speed!$H23&Speed!S$20,'LTM data'!$C$47:$C$66&'LTM data'!$A$47:$A$66,0),MATCH(Speed!$K23,'LTM data'!$D$46:$W$46,0))} -> 20174.723 | T23: {=INDEX('LTM data'!$D$47:$W$66,MATCH(Speed!$H23&Speed!T$20,'LTM data'!$C$47:$C$66&'LTM data'!$A$47:$A$66,0),MATCH((Speed!$K23&" DKE"),'LTM data'!$D$46:$W$46,0))} -> 8043.5645 | U23: =S23-T23 -> 12131.159 | V23: {=INDEX('LTM data'!$D$47:$W$66,MATCH(Speed!$H23&Speed!V$20,'LTM data'!$C$47:$C$66&'LTM data'!$A$47:$A$66,0),MATCH(Speed!$K23,'LTM data'!$D$46:$W$46,0))} -> 21686.406 | W23: {=INDEX('LTM data'!$D$47:$W$66,MATCH(Speed!$H23&Speed!W$20,'LTM data'!$C$47:$C$66&'LTM data'!$A$47:$A$66,0),MATCH((Speed!$K23&" DKE"),'LTM data'!$D$46:$W$46,0))} -> 8646.2651 | X23: =V23-W23 -> 13040.141 | Y23: {=INDEX('LTM data'!$D$47:$W$66,MATCH(Speed!$H23&Speed!Y$20,'LTM data'!$C$47:$C$66&'LTM data'!$A$47:$A$66,0),MATCH(Speed!$K23,'LTM data'!$D$46:$W$46,0))} -> 23026.078 | Z23: {=INDEX('LTM data'!$D$47:$W$66,MATCH(Speed!$H23&Speed!Z$20,'LTM data'!$C$47:$C$66&'LTM data'!$A$47:$A$66,0),MATCH((Speed!$K23&" DKE"),'LTM data'!$D$46:$W$46,0))} -> 9180.3856 | AA23: =Y23-Z23 -> 13845.692 | AB23: =M23*$F23 -> 326.85513 | AC23: =$E23*N23 -> 130.31556 | AD23: =$F23*O23 -> 196.53957 | AE23: =P23*$F23 -> 399.49742 | AF23: =$E23*Q23 -> 159.27769 | AG23: =$F23*R23 -> 240.21974 | AH23: =S23*$F23 -> 416.56194 | AI23: =$E23*T23 -> 166.08123 | AJ23: =$F23*U23 -> 250.48071 | AK23: =V23*$F23 -> 447.77474 | AL23: =$E23*W23 -> 178.52562 | AM23: =$F23*X23 -> 269.24912 | AN23: =Y23*$F23 -> 475.43589 | AO23: =$E23*Z23 -> 189.55398 | AP23: =$F23*AA23 -> 285.8819
C24: FLO_FUNC | D24: 2010 | E24: =1/$R$5 -> 0.015870218 | F24: =1/$R$5 -> 0.015870218 | G24: TPCA* | H24: TPM | I24: TIMECM | K24: Car | M24: {=INDEX('LTM data'!$D$47:$W$66,MATCH(Speed!$H24&Speed!M$20,'LTM data'!$C$47:$C$66&'LTM data'!$A$47:$A$66,0),MATCH(Speed!$K24,'LTM data'!$D$46:$W$46,0))} -> 11434.146 | N24: {=INDEX('LTM data'!$D$47:$W$66,MATCH(Speed!$H24&Speed!N$20,'LTM data'!$C$47:$C$66&'LTM data'!$A$47:$A$66,0),MATCH((Speed!$K24&" DKE"),'LTM data'!$D$46:$W$46,0))} -> 4558.756 | O24: =M24-N24 -> 6875.3904 | P24: {=INDEX('LTM data'!$D$47:$W$66,MATCH(Speed!$H24&Speed!P$20,'LTM data'!$C$47:$C$66&'LTM data'!$A$47:$A$66,0),MATCH(Speed!$K24,'LTM data'!$D$46:$W$46,0))} -> 13975.341 | Q24: {=INDEX('LTM data'!$D$47:$W$66,MATCH(Speed!$H24&Speed!Q$20,'LTM data'!$C$47:$C$66&'LTM data'!$A$47:$A$66,0),MATCH((Speed!$K24&" DKE"),'LTM data'!$D$46:$W$46,0))} -> 5571.9219 | R24: =P24-Q24 -> 8403.4194 | S24: {=INDEX('LTM data'!$D$47:$W$66,MATCH(Speed!$H24&Speed!S$20,'LTM data'!$C$47:$C$66&'LTM data'!$A$47:$A$66,0),MATCH(Speed!$K24,'LTM data'!$D$46:$W$46,0))} -> 14572.297 | T24: {=INDEX('LTM data'!$D$47:$W$66,MATCH(Speed!$H24&Speed!T$20,'LTM data'!$C$47:$C$66&'LTM data'!$A$47:$A$66,0),MATCH((Speed!$K24&" DKE"),'LTM data'!$D$46:$W$46,0))} -> 5809.9264 | U24: =S24-T24 -> 8762.3711 | V24: {=INDEX('LTM data'!$D$47:$W$66,MATCH(Speed!$H24&Speed!V$20,'LTM data'!$C$47:$C$66&'LTM data'!$A$47:$A$66,0),MATCH(Speed!$K24,'LTM data'!$D$46:$W$46,0))} -> 15664.193 | W24: {=INDEX('LTM data'!$D$47:$W$66,MATCH(Speed!$H24&Speed!W$20,'LTM data'!$C$47:$C$66&'LTM data'!$A$47:$A$66,0),MATCH((Speed!$K24&" DKE"),'LTM data'!$D$46:$W$46,0))} -> 6245.2615 | X24: =V24-W24 -> 9418.9316 | Y24: {=INDEX('LTM data'!$D$47:$W$66,MATCH(Speed!$H24&Speed!Y$20,'LTM data'!$C$47:$C$66&'LTM data'!$A$47:$A$66,0),MATCH(Speed!$K24,'LTM data'!$D$46:$W$46,0))} -> 16631.844 | Z24: {=INDEX('LTM data'!$D$47:$W$66,MATCH(Speed!$H24&Speed!Z$20,'LTM data'!$C$47:$C$66&'LTM data'!$A$47:$A$66,0),MATCH((Speed!$K24&" DKE"),'LTM data'!$D$46:$W$46,0))} -> 6631.0607 | AA24: =Y24-Z24 -> 10000.783 | AB24: =M24*$F24 -> 181.4624 | AC24: =$E24*N24 -> 72.348454 | AD24: =$F24*O24 -> 109.11395 | AE24: =P24*$F24 -> 221.79172 | AF24: =$E24*Q24 -> 88.427618 | AG24: =$F24*R24 -> 133.3641 | AH24: =S24*$F24 -> 231.26554 | AI24: =$E24*T24 -> 92.204801 | AJ24: =$F24*U24 -> 139.06074 | AK24: =V24*$F24 -> 248.59417 | AL24: =$E24*W24 -> 99.113665 | AM24: =$F24*X24 -> 149.4805 | AN24: =Y24*$F24 -> 263.951 | AO24: =$E24*Z24 -> 105.23638 | AP24: =$F24*AA24 -> 158.71462
C25: FLO_FUNC | D25: 2010 | E25: =1/$S$5 -> 0.012757316 | F25: =1/$S$5 -> 0.012757316 | G25: TPCA* | H25: TPL | I25: TIMECL | K25: Car | M25: {=INDEX('LTM data'!$D$47:$W$66,MATCH(Speed!$H25&Speed!M$20,'LTM data'!$C$47:$C$66&'LTM data'!$A$47:$A$66,0),MATCH(Speed!$K25,'LTM data'!$D$46:$W$46,0))} -> 21898.978 | N25: {=INDEX('LTM data'!$D$47:$W$66,MATCH(Speed!$H25&Speed!N$20,'LTM data'!$C$47:$C$66&'LTM data'!$A$47:$A$66,0),MATCH((Speed!$K25&" DKE"),'LTM data'!$D$46:$W$46,0))} -> 8730.9461 | O25: =M25-N25 -> 13168.032 | P25: {=INDEX('LTM data'!$D$47:$W$66,MATCH(Speed!$H25&Speed!P$20,'LTM data'!$C$47:$C$66&'LTM data'!$A$47:$A$66,0),MATCH(Speed!$K25,'LTM data'!$D$46:$W$46,0))} -> 26765.942 | Q25: {=INDEX('LTM data'!$D$47:$W$66,MATCH(Speed!$H25&Speed!Q$20,'LTM data'!$C$47:$C$66&'LTM data'!$A$47:$A$66,0),MATCH((Speed!$K25&" DKE"),'LTM data'!$D$46:$W$46,0))} -> 10671.365 | R25: =P25-Q25 -> 16094.576 | S25: {=INDEX('LTM data'!$D$47:$W$66,MATCH(Speed!$H25&Speed!S$20,'LTM data'!$C$47:$C$66&'LTM data'!$A$47:$A$66,0),MATCH(Speed!$K25,'LTM data'!$D$46:$W$46,0))} -> 27909.248 | T25: {=INDEX('LTM data'!$D$47:$W$66,MATCH(Speed!$H25&Speed!T$20,'LTM data'!$C$47:$C$66&'LTM data'!$A$47:$A$66,0),MATCH((Speed!$K25&" DKE"),'LTM data'!$D$46:$W$46,0))} -> 11127.192 | U25: =S25-T25 -> 16782.056 | V25: {=INDEX('LTM data'!$D$47:$W$66,MATCH(Speed!$H25&Speed!V$20,'LTM data'!$C$47:$C$66&'LTM data'!$A$47:$A$66,0),MATCH(Speed!$K25,'LTM data'!$D$46:$W$46,0))} -> 30000.475 | W25: {=INDEX('LTM data'!$D$47:$W$66,MATCH(Speed!$H25&Speed!W$20,'LTM data'!$C$47:$C$66&'LTM data'!$A$47:$A$66,0),MATCH((Speed!$K25&" DKE"),'LTM data'!$D$46:$W$46,0))} -> 11960.948 | X25: =V25-W25 -> 18039.528 | Y25: {=INDEX('LTM data'!$D$47:$W$66,MATCH(Speed!$H25&Speed!Y$20,'LTM data'!$C$47:$C$66&'LTM data'!$A$47:$A$66,0),MATCH(Speed!$K25,'LTM data'!$D$46:$W$46,0))} -> 31853.746 | Z25: {=INDEX('LTM data'!$D$47:$W$66,MATCH(Speed!$H25&Speed!Z$20,'LTM data'!$C$47:$C$66&'LTM data'!$A$47:$A$66,0),MATCH((Speed!$K25&" DKE"),'LTM data'!$D$46:$W$46,0))} -> 12699.832 | AA25: =Y25-Z25 -> 19153.914 | AB25: =M25*$F25 -> 279.37219 | AC25: =$E25*N25 -> 111.38344 | AD25: =$F25*O25 -> 167.98875 | AE25: =P25*$F25 -> 341.46158 | AF25: =$E25*Q25 -> 136.13798 | AG25: =$F25*R25 -> 205.3236 | AH25: =S25*$F25 -> 356.0471 | AI25: =$E25*T25 -> 141.95311 | AJ25: =$F25*U25 -> 214.09399 | AK25: =V25*$F25 -> 382.72555 | AL25: =$E25*W25 -> 152.58959 | AM25: =$F25*X25 -> 230.13596 | AN25: =Y25*$F25 -> 406.3683 | AO25: =$E25*Z25 -> 162.01577 | AP25: =$F25*AA25 -> 244.35254
C26: FLO_FUNC | D26: 2010 | E26: =1/$P$6 -> 0.047663686 | F26: =1/$P$6 -> 0.047663686 | G26: TPBU* | H26: TPXS | I26: TIMEBXS | K26: Public bus | M26: {=INDEX('LTM data'!$D$47:$W$66,MATCH(Speed!$H26&Speed!M$20,'LTM data'!$C$47:$C$66&'LTM data'!$A$47:$A$66,0),MATCH(Speed!$K26,'LTM data'!$D$46:$W$46,0))} -> 589.71317 | N26: {=INDEX('LTM data'!$D$47:$W$66,MATCH(Speed!$H26&Speed!N$20,'LTM data'!$C$47:$C$66&'LTM data'!$A$47:$A$66,0),MATCH((Speed!$K26&" DKE"),'LTM data'!$D$46:$W$46,0))} -> 352.72136 | O26: =M26-N26 -> 236.99181 | P26: {=INDEX('LTM data'!$D$47:$W$66,MATCH(Speed!$H26&Speed!P$20,'LTM data'!$C$47:$C$66&'LTM data'!$A$47:$A$66,0),MATCH(Speed!$K26,'LTM data'!$D$46:$W$46,0))} -> 638.71316 | Q26: {=INDEX('LTM data'!$D$47:$W$66,MATCH(Speed!$H26&Speed!Q$20,'LTM data'!$C$47:$C$66&'LTM data'!$A$47:$A$66,0),MATCH((Speed!$K26&" DKE"),'LTM data'!$D$46:$W$46,0))} -> 382.02941 | R26: =P26-Q26 -> 256.68375 | S26: {=INDEX('LTM data'!$D$47:$W$66,MATCH(Speed!$H26&Speed!S$20,'LTM data'!$C$47:$C$66&'LTM data'!$A$47:$A$66,0),MATCH(Speed!$K26,'LTM data'!$D$46:$W$46,0))} -> 656.41985 | T26: {=INDEX('LTM data'!$D$47:$W$66,MATCH(Speed!$H26&Speed!T$20,'LTM data'!$C$47:$C$66&'LTM data'!$A$47:$A$66,0),MATCH((Speed!$K26&" DKE"),'LTM data'!$D$46:$W$46,0))} -> 392.6202 | U26: =S26-T26 -> 263.79965 | V26: {=INDEX('LTM data'!$D$47:$W$66,MATCH(Speed!$H26&Speed!V$20,'LTM data'!$C$47:$C$66&'LTM data'!$A$47:$A$66,0),MATCH(Speed!$K26,'LTM data'!$D$46:$W$46,0))} -> 586.98369 | W26: {=INDEX('LTM data'!$D$47:$W$66,MATCH(Speed!$H26&Speed!W$20,'LTM data'!$C$47:$C$66&'LTM data'!$A$47:$A$66,0),MATCH((Speed!$K26&" DKE"),'LTM data'!$D$46:$W$46,0))} -> 351.08879 | X26: =V26-W26 -> 235.89489 | Y26: {=INDEX('LTM data'!$D$47:$W$66,MATCH(Speed!$H26&Speed!Y$20,'LTM data'!$C$47:$C$66&'LTM data'!$A$47:$A$66,0),MATCH(Speed!$K26,'LTM data'!$D$46:$W$46,0))} -> 539.24938 | Z26: {=INDEX('LTM data'!$D$47:$W$66,MATCH(Speed!$H26&Speed!Z$20,'LTM data'!$C$47:$C$66&'LTM data'!$A$47:$A$66,0),MATCH((Speed!$K26&" DKE"),'LTM data'!$D$46:$W$46,0))} -> 322.53778 | AA26: =Y26-Z26 -> 216.7116 | AB26: =M26*$F26 -> 28.107904 | AC26: =$E26*N26 -> 16.812 | AD26: =$F26*O26 -> 11.295903 | AE26: =P26*$F26 -> 30.443424 | AF26: =$E26*Q26 -> 18.20893 | AG26: =$F26*R26 -> 12.234494 | AH26: =S26*$F26 -> 31.28739 | AI26: =$E26*T26 -> 18.713726 | AJ26: =$F26*U26 -> 12.573664 | AK26: =V26*$F26 -> 27.977806 | AL26: =$E26*W26 -> 16.734186 | AM26: =$F26*X26 -> 11.24362 | AN26: =Y26*$F26 -> 25.702613 | AO26: =$E26*Z26 -> 15.373339 | AP26: =$F26*AA26 -> 10.329274
C27: FLO_FUNC | D27: 2010 | E27: =1/$Q$6 -> 0.031839855 | F27: =1/$Q$6 -> 0.031839855 | G27: TPBU* | H27: TPS | I27: TIMEBS | K27: Public bus | M27: {=INDEX('LTM data'!$D$47:$W$66,MATCH(Speed!$H27&Speed!M$20,'LTM data'!$C$47:$C$66&'LTM data'!$A$47:$A$66,0),MATCH(Speed!$K27,'LTM data'!$D$46:$W$46,0))} -> 1693.7605 | N27: {=INDEX('LTM data'!$D$47:$W$66,MATCH(Speed!$H27&Speed!N$20,'LTM data'!$C$47:$C$66&'LTM data'!$A$47:$A$66,0),MATCH((Speed!$K27&" DKE"),'LTM data'!$D$46:$W$46,0))} -> 1013.0781 | O27: =M27-N27 -> 680.68239 | P27: {=INDEX('LTM data'!$D$47:$W$66,MATCH(Speed!$H27&Speed!P$20,'LTM data'!$C$47:$C$66&'LTM data'!$A$47:$A$66,0),MATCH(Speed!$K27,'LTM data'!$D$46:$W$46,0))} -> 1834.4972 | Q27: {=INDEX('LTM data'!$D$47:$W$66,MATCH(Speed!$H27&Speed!Q$20,'LTM data'!$C$47:$C$66&'LTM data'!$A$47:$A$66,0),MATCH((Speed!$K27&" DKE"),'LTM data'!$D$46:$W$46,0))} -> 1097.256 | R27: =P27-Q27 -> 737.24112 | S27: {=INDEX('LTM data'!$D$47:$W$66,MATCH(Speed!$H27&Speed!S$20,'LTM data'!$C$47:$C$66&'LTM data'!$A$47:$A$66,0),MATCH(Speed!$K27,'LTM data'!$D$46:$W$46,0))} -> 1885.3539 | T27: {=INDEX('LTM data'!$D$47:$W$66,MATCH(Speed!$H27&Speed!T$20,'LTM data'!$C$47:$C$66&'LTM data'!$A$47:$A$66,0),MATCH((Speed!$K27&" DKE"),'LTM data'!$D$46:$W$46,0))} -> 1127.6747 | U27: =S27-T27 -> 757.67925 | V27: {=INDEX('LTM data'!$D$47:$W$66,MATCH(Speed!$H27&Speed!V$20,'LTM data'!$C$47:$C$66&'LTM data'!$A$47:$A$66,0),MATCH(Speed!$K27,'LTM data'!$D$46:$W$46,0))} -> 1685.921 | W27: {=INDEX('LTM data'!$D$47:$W$66,MATCH(Speed!$H27&Speed!W$20,'LTM data'!$C$47:$C$66&'LTM data'!$A$47:$A$66,0),MATCH((Speed!$K27&" DKE"),'LTM data'!$D$46:$W$46,0))} -> 1008.3891 | X27: =V27-W27 -> 677.53186 | Y27: {=INDEX('LTM data'!$D$47:$W$66,MATCH(Speed!$H27&Speed!Y$20,'LTM data'!$C$47:$C$66&'LTM data'!$A$47:$A$66,0),MATCH(Speed!$K27,'LTM data'!$D$46:$W$46,0))} -> 1548.8196 | Z27: {=INDEX('LTM data'!$D$47:$W$66,MATCH(Speed!$H27&Speed!Z$20,'LTM data'!$C$47:$C$66&'LTM data'!$A$47:$A$66,0),MATCH((Speed!$K27&" DKE"),'LTM data'!$D$46:$W$46,0))} -> 926.38553 | AA27: =Y27-Z27 -> 622.43404 | AB27: =M27*$F27 -> 53.92909 | AC27: =$E27*N27 -> 32.256261 | AD27: =$F27*O27 -> 21.672829 | AE27: =P27*$F27 -> 58.410125 | AF27: =$E27*Q27 -> 34.936474 | AG27: =$F27*R27 -> 23.473651 | AH27: =S27*$F27 -> 60.029396 | AI27: =$E27*T27 -> 35.904998 | AJ27: =$F27*U27 -> 24.124398 | AK27: =V27*$F27 -> 53.67948 | AL27: =$E27*W27 -> 32.106964 | AM27: =$F27*X27 -> 21.572516 | AN27: =Y27*$F27 -> 49.314191 | AO27: =$E27*Z27 -> 29.495982 | AP27: =$F27*AA27 -> 19.81821
C28: FLO_FUNC | D28: 2010 | E28: =1/$R$6 -> 0.021119001 | F28: =1/$R$6 -> 0.021119001 | G28: TPBU* | H28: TPM | I28: TIMEBM | K28: Public bus | M28: {=INDEX('LTM data'!$D$47:$W$66,MATCH(Speed!$H28&Speed!M$20,'LTM data'!$C$47:$C$66&'LTM data'!$A$47:$A$66,0),MATCH(Speed!$K28,'LTM data'!$D$46:$W$46,0))} -> 486.97387 | N28: {=INDEX('LTM data'!$D$47:$W$66,MATCH(Speed!$H28&Speed!N$20,'LTM data'!$C$47:$C$66&'LTM data'!$A$47:$A$66,0),MATCH((Speed!$K28&" DKE"),'LTM data'!$D$46:$W$46,0))} -> 291.27056 | O28: =M28-N28 -> 195.70331 | P28: {=INDEX('LTM data'!$D$47:$W$66,MATCH(Speed!$H28&Speed!P$20,'LTM data'!$C$47:$C$66&'LTM data'!$A$47:$A$66,0),MATCH(Speed!$K28,'LTM data'!$D$46:$W$46,0))} -> 527.43713 | Q28: {=INDEX('LTM data'!$D$47:$W$66,MATCH(Speed!$H28&Speed!Q$20,'LTM data'!$C$47:$C$66&'LTM data'!$A$47:$A$66,0),MATCH((Speed!$K28&" DKE"),'LTM data'!$D$46:$W$46,0))} -> 315.47259 | R28: =P28-Q28 -> 211.96454 | S28: {=INDEX('LTM data'!$D$47:$W$66,MATCH(Speed!$H28&Speed!S$20,'LTM data'!$C$47:$C$66&'LTM data'!$A$47:$A$66,0),MATCH(Speed!$K28,'LTM data'!$D$46:$W$46,0))} -> 542.05897 | T28: {=INDEX('LTM data'!$D$47:$W$66,MATCH(Speed!$H28&Speed!T$20,'LTM data'!$C$47:$C$66&'LTM data'!$A$47:$A$66,0),MATCH((Speed!$K28&" DKE"),'LTM data'!$D$46:$W$46,0))} -> 324.21826 | U28: =S28-T28 -> 217.84071 | V28: {=INDEX('LTM data'!$D$47:$W$66,MATCH(Speed!$H28&Speed!V$20,'LTM data'!$C$47:$C$66&'LTM data'!$A$47:$A$66,0),MATCH(Speed!$K28,'LTM data'!$D$46:$W$46,0))} -> 484.71992 | W28: {=INDEX('LTM data'!$D$47:$W$66,MATCH(Speed!$H28&Speed!W$20,'LTM data'!$C$47:$C$66&'LTM data'!$A$47:$A$66,0),MATCH((Speed!$K28&" DKE"),'LTM data'!$D$46:$W$46,0))} -> 289.92242 | X28: =V28-W28 -> 194.7975 | Y28: {=INDEX('LTM data'!$D$47:$W$66,MATCH(Speed!$H28&Speed!Y$20,'LTM data'!$C$47:$C$66&'LTM data'!$A$47:$A$66,0),MATCH(Speed!$K28,'LTM data'!$D$46:$W$46,0))} -> 445.30183 | Z28: {=INDEX('LTM data'!$D$47:$W$66,MATCH(Speed!$H28&Speed!Z$20,'LTM data'!$C$47:$C$66&'LTM data'!$A$47:$A$66,0),MATCH((Speed!$K28&" DKE"),'LTM data'!$D$46:$W$46,0))} -> 266.34553 | AA28: =Y28-Z28 -> 178.9563 | AB28: =M28*$F28 -> 10.284402 | AC28: =$E28*N28 -> 6.1513433 | AD28: =$F28*O28 -> 4.1330583 | AE28: =P28*$F28 -> 11.138945 | AF28: =$E28*Q28 -> 6.6624659 | AG28: =$F28*R28 -> 4.4764792 | AH28: =S28*$F28 -> 11.447744 | AI28: =$E28*T28 -> 6.8471657 | AJ28: =$F28*U28 -> 4.6005781 | AK28: =V28*$F28 -> 10.2368 | AL28: =$E28*W28 -> 6.1228718 | AM28: =$F28*X28 -> 4.1139285 | AN28: =Y28*$F28 -> 9.4043297 | AO28: =$E28*Z28 -> 5.6249515 | AP28: =$F28*AA28 -> 3.7793782
C29: FLO_FUNC | D29: 2010 | E29: =1/$S$6 -> 0.015404284 | F29: =1/$S$6 -> 0.015404284 | G29: TPBU* | H29: TPL | I29: TIMEBL | K29: Public bus | M29: {=INDEX('LTM data'!$D$47:$W$66,MATCH(Speed!$H29&Speed!M$20,'LTM data'!$C$47:$C$66&'LTM data'!$A$47:$A$66,0),MATCH(Speed!$K29,'LTM data'!$D$46:$W$46,0))} -> 278.55243 | N29: {=INDEX('LTM data'!$D$47:$W$66,MATCH(Speed!$H29&Speed!N$20,'LTM data'!$C$47:$C$66&'LTM data'!$A$47:$A$66,0),MATCH((Speed!$K29&" DKE"),'LTM data'!$D$46:$W$46,0))} -> 166.60878 | O29: =M29-N29 -> 111.94365 | P29: {=INDEX('LTM data'!$D$47:$W$66,MATCH(Speed!$H29&Speed!P$20,'LTM data'!$C$47:$C$66&'LTM data'!$A$47:$A$66,0),MATCH(Speed!$K29,'LTM data'!$D$46:$W$46,0))} -> 301.69769 | Q29: {=INDEX('LTM data'!$D$47:$W$66,MATCH(Speed!$H29&Speed!Q$20,'LTM data'!$C$47:$C$66&'LTM data'!$A$47:$A$66,0),MATCH((Speed!$K29&" DKE"),'LTM data'!$D$46:$W$46,0))} -> 180.45251 | R29: =P29-Q29 -> 121.24518 | S29: {=INDEX('LTM data'!$D$47:$W$66,MATCH(Speed!$H29&Speed!S$20,'LTM data'!$C$47:$C$66&'LTM data'!$A$47:$A$66,0),MATCH(Speed!$K29,'LTM data'!$D$46:$W$46,0))} -> 310.06149 | T29: {=INDEX('LTM data'!$D$47:$W$66,MATCH(Speed!$H29&Speed!T$20,'LTM data'!$C$47:$C$66&'LTM data'!$A$47:$A$66,0),MATCH((Speed!$K29&" DKE"),'LTM data'!$D$46:$W$46,0))} -> 185.45509 | U29: =S29-T29 -> 124.60639 | V29: {=INDEX('LTM data'!$D$47:$W$66,MATCH(Speed!$H29&Speed!V$20,'LTM data'!$C$47:$C$66&'LTM data'!$A$47:$A$66,0),MATCH(Speed!$K29,'LTM data'!$D$46:$W$46,0))} -> 277.26315 | W29: {=INDEX('LTM data'!$D$47:$W$66,MATCH(Speed!$H29&Speed!W$20,'LTM data'!$C$47:$C$66&'LTM data'!$A$47:$A$66,0),MATCH((Speed!$K29&" DKE"),'LTM data'!$D$46:$W$46,0))} -> 165.83763 | X29: =V29-W29 -> 111.42552 | Y29: {=INDEX('LTM data'!$D$47:$W$66,MATCH(Speed!$H29&Speed!Y$20,'LTM data'!$C$47:$C$66&'LTM data'!$A$47:$A$66,0),MATCH(Speed!$K29,'LTM data'!$D$46:$W$46,0))} -> 254.71573 | Z29: {=INDEX('LTM data'!$D$47:$W$66,MATCH(Speed!$H29&Speed!Z$20,'LTM data'!$C$47:$C$66&'LTM data'!$A$47:$A$66,0),MATCH((Speed!$K29&" DKE"),'LTM data'!$D$46:$W$46,0))} -> 152.35149 | AA29: =Y29-Z29 -> 102.36424 | AB29: =M29*$F29 -> 4.2909005 | AC29: =$E29*N29 -> 2.5664889 | AD29: =$F29*O29 -> 1.7244117 | AE29: =P29*$F29 -> 4.6474367 | AF29: =$E29*Q29 -> 2.7797416 | AG29: =$F29*R29 -> 1.8676952 | AH29: =S29*$F29 -> 4.776275 | AI29: =$E29*T29 -> 2.8568028 | AJ29: =$F29*U29 -> 1.9194722 | AK29: =V29*$F29 -> 4.2710401 | AL29: =$E29*W29 -> 2.5546099 | AM29: =$F29*X29 -> 1.7164303 | AN29: =Y29*$F29 -> 3.9237133 | AO29: =$E29*Z29 -> 2.3468655 | AP29: =$F29*AA29 -> 1.5768478
C30: FLO_FUNC | D30: 2010 | E30: =1/$Q$8 -> 0.016436286 | F30: =1/$Q$8 -> 0.016436286 | G30: TPRO* | H30: TPS | I30: TIMETS | K30: Train | M30: {=INDEX('LTM data'!$D$47:$W$66,MATCH(Speed!$H30&Speed!M$20,'LTM data'!$C$47:$C$66&'LTM data'!$A$47:$A$66,0),MATCH(Speed!$K30,'LTM data'!$D$46:$W$46,0))} -> 413.37799 | N30: {=INDEX('LTM data'!$D$47:$W$66,MATCH(Speed!$H30&Speed!N$20,'LTM data'!$C$47:$C$66&'LTM data'!$A$47:$A$66,0),MATCH((Speed!$K30&" DKE"),'LTM data'!$D$46:$W$46,0))} -> 249.14816 | O30: =M30-N30 -> 164.22983 | P30: {=INDEX('LTM data'!$D$47:$W$66,MATCH(Speed!$H30&Speed!P$20,'LTM data'!$C$47:$C$66&'LTM data'!$A$47:$A$66,0),MATCH(Speed!$K30,'LTM data'!$D$46:$W$46,0))} -> 527.42105 | Q30: {=INDEX('LTM data'!$D$47:$W$66,MATCH(Speed!$H30&Speed!Q$20,'LTM data'!$C$47:$C$66&'LTM data'!$A$47:$A$66,0),MATCH((Speed!$K30&" DKE"),'LTM data'!$D$46:$W$46,0))} -> 317.88336 | R30: =P30-Q30 -> 209.53769 | S30: {=INDEX('LTM data'!$D$47:$W$66,MATCH(Speed!$H30&Speed!S$20,'LTM data'!$C$47:$C$66&'LTM data'!$A$47:$A$66,0),MATCH(Speed!$K30,'LTM data'!$D$46:$W$46,0))} -> 550.24187 | T30: {=INDEX('LTM data'!$D$47:$W$66,MATCH(Speed!$H30&Speed!T$20,'LTM data'!$C$47:$C$66&'LTM data'!$A$47:$A$66,0),MATCH((Speed!$K30&" DKE"),'LTM data'!$D$46:$W$46,0))} -> 331.63776 | U30: =S30-T30 -> 218.60411 | V30: {=INDEX('LTM data'!$D$47:$W$66,MATCH(Speed!$H30&Speed!V$20,'LTM data'!$C$47:$C$66&'LTM data'!$A$47:$A$66,0),MATCH(Speed!$K30,'LTM data'!$D$46:$W$46,0))} -> 633.99109 | W30: {=INDEX('LTM data'!$D$47:$W$66,MATCH(Speed!$H30&Speed!W$20,'LTM data'!$C$47:$C$66&'LTM data'!$A$47:$A$66,0),MATCH((Speed!$K30&" DKE"),'LTM data'!$D$46:$W$46,0))} -> 382.11448 | X30: =V30-W30 -> 251.87661 | Y30: {=INDEX('LTM data'!$D$47:$W$66,MATCH(Speed!$H30&Speed!Y$20,'LTM data'!$C$47:$C$66&'LTM data'!$A$47:$A$66,0),MATCH(Speed!$K30,'LTM data'!$D$46:$W$46,0))} -> 702.4235 | Z30: {=INDEX('LTM data'!$D$47:$W$66,MATCH(Speed!$H30&Speed!Z$20,'LTM data'!$C$47:$C$66&'LTM data'!$A$47:$A$66,0),MATCH((Speed!$K30&" DKE"),'LTM data'!$D$46:$W$46,0))} -> 423.35956 | AA30: =Y30-Z30 -> 279.06394 | AB30: =M30*$F30 -> 6.7943989 | AC30: =$E30*N30 -> 4.0950705 | AD30: =$F30*O30 -> 2.6993285 | AE30: =P30*$F30 -> 8.6688433 | AF30: =$E30*Q30 -> 5.2248219 | AG30: =$F30*R30 -> 3.4440214 | AH30: =S30*$F30 -> 9.0439327 | AI30: =$E30*T30 -> 5.450893 | AJ30: =$F30*U30 -> 3.5930397 | AK30: =V30*$F30 -> 10.420459 | AL30: =$E30*W30 -> 6.2805429 | AM30: =$F30*X30 -> 4.1399161 | AN30: =Y30*$F30 -> 11.545234 | AO30: =$E30*Z30 -> 6.9584588 | AP30: =$F30*AA30 -> 4.5867747
C31: FLO_FUNC | D31: 2010 | E31: =1/$R$8 -> 0.014120402 | F31: =1/$R$8 -> 0.014120402 | G31: TPRO* | H31: TPM | I31: TIMETM | K31: Train | M31: {=INDEX('LTM data'!$D$47:$W$66,MATCH(Speed!$H31&Speed!M$20,'LTM data'!$C$47:$C$66&'LTM data'!$A$47:$A$66,0),MATCH(Speed!$K31,'LTM data'!$D$46:$W$46,0))} -> 923.02188 | N31: {=INDEX('LTM data'!$D$47:$W$66,MATCH(Speed!$H31&Speed!N$20,'LTM data'!$C$47:$C$66&'LTM data'!$A$47:$A$66,0),MATCH((Speed!$K31&" DKE"),'LTM data'!$D$46:$W$46,0))} -> 556.317 | O31: =M31-N31 -> 366.70488 | P31: {=INDEX('LTM data'!$D$47:$W$66,MATCH(Speed!$H31&Speed!P$20,'LTM data'!$C$47:$C$66&'LTM data'!$A$47:$A$66,0),MATCH(Speed!$K31,'LTM data'!$D$46:$W$46,0))} -> 1177.6659 | Q31: {=INDEX('LTM data'!$D$47:$W$66,MATCH(Speed!$H31&Speed!Q$20,'LTM data'!$C$47:$C$66&'LTM data'!$A$47:$A$66,0),MATCH((Speed!$K31&" DKE"),'LTM data'!$D$46:$W$46,0))} -> 709.79419 | R31: =P31-Q31 -> 467.87172 | S31: {=INDEX('LTM data'!$D$47:$W$66,MATCH(Speed!$H31&Speed!S$20,'LTM data'!$C$47:$C$66&'LTM data'!$A$47:$A$66,0),MATCH(Speed!$K31,'LTM data'!$D$46:$W$46,0))} -> 1228.622 | T31: {=INDEX('LTM data'!$D$47:$W$66,MATCH(Speed!$H31&Speed!T$20,'LTM data'!$C$47:$C$66&'LTM data'!$A$47:$A$66,0),MATCH((Speed!$K31&" DKE"),'LTM data'!$D$46:$W$46,0))} -> 740.50605 | U31: =S31-T31 -> 488.11591 | V31: {=INDEX('LTM data'!$D$47:$W$66,MATCH(Speed!$H31&Speed!V$20,'LTM data'!$C$47:$C$66&'LTM data'!$A$47:$A$66,0),MATCH(Speed!$K31,'LTM data'!$D$46:$W$46,0))} -> 1415.6236 | W31: {=INDEX('LTM data'!$D$47:$W$66,MATCH(Speed!$H31&Speed!W$20,'LTM data'!$C$47:$C$66&'LTM data'!$A$47:$A$66,0),MATCH((Speed!$K31&" DKE"),'LTM data'!$D$46:$W$46,0))} -> 853.21432 | X31: =V31-W31 -> 562.40929 | Y31: {=INDEX('LTM data'!$D$47:$W$66,MATCH(Speed!$H31&Speed!Y$20,'LTM data'!$C$47:$C$66&'LTM data'!$A$47:$A$66,0),MATCH(Speed!$K31,'LTM data'!$D$46:$W$46,0))} -> 1568.4247 | Z31: {=INDEX('LTM data'!$D$47:$W$66,MATCH(Speed!$H31&Speed!Z$20,'LTM data'!$C$47:$C$66&'LTM data'!$A$47:$A$66,0),MATCH((Speed!$K31&" DKE"),'LTM data'!$D$46:$W$46,0))} -> 945.30948 | AA31: =Y31-Z31 -> 623.11523 | AB31: =M31*$F31 -> 13.03344 | AC31: =$E31*N31 -> 7.8554195 | AD31: =$F31*O31 -> 5.1780201 | AE31: =P31*$F31 -> 16.629116 | AF31: =$E31*Q31 -> 10.022579 | AG31: =$F31*R31 -> 6.6065365 | AH31: =S31*$F31 -> 17.348635 | AI31: =$E31*T31 -> 10.456243 | AJ31: =$F31*U31 -> 6.8923926 | AK31: =V31*$F31 -> 19.989174 | AL31: =$E31*W31 -> 12.047729 | AM31: =$F31*X31 -> 7.9414451 | AN31: =Y31*$F31 -> 22.146787 | AO31: =$E31*Z31 -> 13.348149 | AP31: =$F31*AA31 -> 8.7986372
C32: FLO_FUNC | D32: 2010 | E32: =1/$S$8 -> 0.010949578 | F32: =1/$S$8 -> 0.010949578 | G32: TPRO* | H32: TPL | I32: TIMETL | K32: Train | M32: {=INDEX('LTM data'!$D$47:$W$66,MATCH(Speed!$H32&Speed!M$20,'LTM data'!$C$47:$C$66&'LTM data'!$A$47:$A$66,0),MATCH(Speed!$K32,'LTM data'!$D$46:$W$46,0))} -> 3210.9002 | N32: {=INDEX('LTM data'!$D$47:$W$66,MATCH(Speed!$H32&Speed!N$20,'LTM data'!$C$47:$C$66&'LTM data'!$A$47:$A$66,0),MATCH((Speed!$K32&" DKE"),'LTM data'!$D$46:$W$46,0))} -> 1935.2503 | O32: =M32-N32 -> 1275.6499 | P32: {=INDEX('LTM data'!$D$47:$W$66,MATCH(Speed!$H32&Speed!P$20,'LTM data'!$C$47:$C$66&'LTM data'!$A$47:$A$66,0),MATCH(Speed!$K32,'LTM data'!$D$46:$W$46,0))} -> 4096.726 | Q32: {=INDEX('LTM data'!$D$47:$W$66,MATCH(Speed!$H32&Speed!Q$20,'LTM data'!$C$47:$C$66&'LTM data'!$A$47:$A$66,0),MATCH((Speed!$K32&" DKE"),'LTM data'!$D$46:$W$46,0))} -> 2469.1487 | R32: =P32-Q32 -> 1627.5772 | S32: {=INDEX('LTM data'!$D$47:$W$66,MATCH(Speed!$H32&Speed!S$20,'LTM data'!$C$47:$C$66&'LTM data'!$A$47:$A$66,0),MATCH(Speed!$K32,'LTM data'!$D$46:$W$46,0))} -> 4273.9859 | T32: {=INDEX('LTM data'!$D$47:$W$66,MATCH(Speed!$H32&Speed!T$20,'LTM data'!$C$47:$C$66&'LTM data'!$A$47:$A$66,0),MATCH((Speed!$K32&" DKE"),'LTM data'!$D$46:$W$46,0))} -> 2575.9855 | U32: =S32-T32 -> 1698.0003 | V32: {=INDEX('LTM data'!$D$47:$W$66,MATCH(Speed!$H32&Speed!V$20,'LTM data'!$C$47:$C$66&'LTM data'!$A$47:$A$66,0),MATCH(Speed!$K32,'LTM data'!$D$46:$W$46,0))} -> 4924.5053 | W32: {=INDEX('LTM data'!$D$47:$W$66,MATCH(Speed!$H32&Speed!W$20,'LTM data'!$C$47:$C$66&'LTM data'!$A$47:$A$66,0),MATCH((Speed!$K32&" DKE"),'LTM data'!$D$46:$W$46,0))} -> 2968.0618 | X32: =V32-W32 -> 1956.4434 | Y32: {=INDEX('LTM data'!$D$47:$W$66,MATCH(Speed!$H32&Speed!Y$20,'LTM data'!$C$47:$C$66&'LTM data'!$A$47:$A$66,0),MATCH(Speed!$K32,'LTM data'!$D$46:$W$46,0))} -> 5456.0518 | Z32: {=INDEX('LTM data'!$D$47:$W$66,MATCH(Speed!$H32&Speed!Z$20,'LTM data'!$C$47:$C$66&'LTM data'!$A$47:$A$66,0),MATCH((Speed!$K32&" DKE"),'LTM data'!$D$46:$W$46,0))} -> 3288.4317 | AA32: =Y32-Z32 -> 2167.6201 | AB32: =M32*$F32 -> 35.158003 | AC32: =$E32*N32 -> 21.190175 | AD32: =$F32*O32 -> 13.967828 | AE32: =P32*$F32 -> 44.857422 | AF32: =$E32*Q32 -> 27.036137 | AG32: =$F32*R32 -> 17.821284 | AH32: =S32*$F32 -> 46.798343 | AI32: =$E32*T32 -> 28.205955 | AJ32: =$F32*U32 -> 18.592388 | AK32: =V32*$F32 -> 53.921256 | AL32: =$E32*W32 -> 32.499026 | AM32: =$F32*X32 -> 21.422231 | AN32: =Y32*$F32 -> 59.741466 | AO32: =$E32*Z32 -> 36.00694 | AP32: =$F32*AA32 -> 23.734526
C33: FLO_FUNC | D33: 2010 | E33: =1/$P$9 -> 0.027695192 | F33: =1/$P$9 -> 0.027695192 | G33: TPRS* | H33: TPXS | I33: TIMESTXS | K33: S-train | M33: {=INDEX('LTM data'!$D$47:$W$66,MATCH(Speed!$H33&Speed!M$20,'LTM data'!$C$47:$C$66&'LTM data'!$A$47:$A$66,0),MATCH(Speed!$K33,'LTM data'!$D$46:$W$46,0))} -> 91.377594 | N33: {=INDEX('LTM data'!$D$47:$W$66,MATCH(Speed!$H33&Speed!N$20,'LTM data'!$C$47:$C$66&'LTM data'!$A$47:$A$66,0),MATCH((Speed!$K33&" DKE"),'LTM data'!$D$46:$W$46,0))} -> 91.377594 | O33: =M33-N33 -> 0 | P33: {=INDEX('LTM data'!$D$47:$W$66,MATCH(Speed!$H33&Speed!P$20,'LTM data'!$C$47:$C$66&'LTM data'!$A$47:$A$66,0),MATCH(Speed!$K33,'LTM data'!$D$46:$W$46,0))} -> 88.76268 | Q33: {=INDEX('LTM data'!$D$47:$W$66,MATCH(Speed!$H33&Speed!Q$20,'LTM data'!$C$47:$C$66&'LTM data'!$A$47:$A$66,0),MATCH((Speed!$K33&" DKE"),'LTM data'!$D$46:$W$46,0))} -> 88.76268 | R33: =P33-Q33 -> 0 | S33: {=INDEX('LTM data'!$D$47:$W$66,MATCH(Speed!$H33&Speed!S$20,'LTM data'!$C$47:$C$66&'LTM data'!$A$47:$A$66,0),MATCH(Speed!$K33,'LTM data'!$D$46:$W$46,0))} -> 92.588531 | T33: {=INDEX('LTM data'!$D$47:$W$66,MATCH(Speed!$H33&Speed!T$20,'LTM data'!$C$47:$C$66&'LTM data'!$A$47:$A$66,0),MATCH((Speed!$K33&" DKE"),'LTM data'!$D$46:$W$46,0))} -> 92.588531 | U33: =S33-T33 -> 0 | V33: {=INDEX('LTM data'!$D$47:$W$66,MATCH(Speed!$H33&Speed!V$20,'LTM data'!$C$47:$C$66&'LTM data'!$A$47:$A$66,0),MATCH(Speed!$K33,'LTM data'!$D$46:$W$46,0))} -> 91.609442 | W33: {=INDEX('LTM data'!$D$47:$W$66,MATCH(Speed!$H33&Speed!W$20,'LTM data'!$C$47:$C$66&'LTM data'!$A$47:$A$66,0),MATCH((Speed!$K33&" DKE"),'LTM data'!$D$46:$W$46,0))} -> 91.609442 | X33: =V33-W33 -> 0 | Y33: {=INDEX('LTM data'!$D$47:$W$66,MATCH(Speed!$H33&Speed!Y$20,'LTM data'!$C$47:$C$66&'LTM data'!$A$47:$A$66,0),MATCH(Speed!$K33,'LTM data'!$D$46:$W$46,0))} -> 92.178666 | Z33: {=INDEX('LTM data'!$D$47:$W$66,MATCH(Speed!$H33&Speed!Z$20,'LTM data'!$C$47:$C$66&'LTM data'!$A$47:$A$66,0),MATCH((Speed!$K33&" DKE"),'LTM data'!$D$46:$W$46,0))} -> 92.178666 | AA33: =Y33-Z33 -> 0 | AB33: =M33*$F33 -> 2.53072 | AC33: =$E33*N33 -> 2.53072 | AD33: =$F33*O33 -> 0 | AE33: =P33*$F33 -> 2.4582995 | AF33: =$E33*Q33 -> 2.4582995 | AG33: =$F33*R33 -> 0 | AH33: =S33*$F33 -> 2.5642572 | AI33: =$E33*T33 -> 2.5642572 | AJ33: =$F33*U33 -> 0 | AK33: =V33*$F33 -> 2.5371411 | AL33: =$E33*W33 -> 2.5371411 | AM33: =$F33*X33 -> 0 | AN33: =Y33*$F33 -> 2.5529059 | AO33: =$E33*Z33 -> 2.5529059 | AP33: =$F33*AA33 -> 0
C34: FLO_FUNC | D34: 2010 | E34: =1/$Q$9 -> 0.022084594 | F34: =1/$Q$9 -> 0.022084594 | G34: TPRS* | H34: TPS | I34: TIMESTS | K34: S-train | M34: {=INDEX('LTM data'!$D$47:$W$66,MATCH(Speed!$H34&Speed!M$20,'LTM data'!$C$47:$C$66&'LTM data'!$A$47:$A$66,0),MATCH(Speed!$K34,'LTM data'!$D$46:$W$46,0))} -> 771.59001 | N34: {=INDEX('LTM data'!$D$47:$W$66,MATCH(Speed!$H34&Speed!N$20,'LTM data'!$C$47:$C$66&'LTM data'!$A$47:$A$66,0),MATCH((Speed!$K34&" DKE"),'LTM data'!$D$46:$W$46,0))} -> 771.59001 | O34: =M34-N34 -> 0 | P34: {=INDEX('LTM data'!$D$47:$W$66,MATCH(Speed!$H34&Speed!P$20,'LTM data'!$C$47:$C$66&'LTM data'!$A$47:$A$66,0),MATCH(Speed!$K34,'LTM data'!$D$46:$W$46,0))} -> 749.50974 | Q34: {=INDEX('LTM data'!$D$47:$W$66,MATCH(Speed!$H34&Speed!Q$20,'LTM data'!$C$47:$C$66&'LTM data'!$A$47:$A$66,0),MATCH((Speed!$K34&" DKE"),'LTM data'!$D$46:$W$46,0))} -> 749.50974 | R34: =P34-Q34 -> 0 | S34: {=INDEX('LTM data'!$D$47:$W$66,MATCH(Speed!$H34&Speed!S$20,'LTM data'!$C$47:$C$66&'LTM data'!$A$47:$A$66,0),MATCH(Speed!$K34,'LTM data'!$D$46:$W$46,0))} -> 781.81513 | T34: {=INDEX('LTM data'!$D$47:$W$66,MATCH(Speed!$H34&Speed!T$20,'LTM data'!$C$47:$C$66&'LTM data'!$A$47:$A$66,0),MATCH((Speed!$K34&" DKE"),'LTM data'!$D$46:$W$46,0))} -> 781.81513 | U34: =S34-T34 -> 0 | V34: {=INDEX('LTM data'!$D$47:$W$66,MATCH(Speed!$H34&Speed!V$20,'LTM data'!$C$47:$C$66&'LTM data'!$A$47:$A$66,0),MATCH(Speed!$K34,'LTM data'!$D$46:$W$46,0))} -> 773.54773 | W34: {=INDEX('LTM data'!$D$47:$W$66,MATCH(Speed!$H34&Speed!W$20,'LTM data'!$C$47:$C$66&'LTM data'!$A$47:$A$66,0),MATCH((Speed!$K34&" DKE"),'LTM data'!$D$46:$W$46,0))} -> 773.54773 | X34: =V34-W34 -> 0 | Y34: {=INDEX('LTM data'!$D$47:$W$66,MATCH(Speed!$H34&Speed!Y$20,'LTM data'!$C$47:$C$66&'LTM data'!$A$47:$A$66,0),MATCH(Speed!$K34,'LTM data'!$D$46:$W$46,0))} -> 778.35424 | Z34: {=INDEX('LTM data'!$D$47:$W$66,MATCH(Speed!$H34&Speed!Z$20,'LTM data'!$C$47:$C$66&'LTM data'!$A$47:$A$66,0),MATCH((Speed!$K34&" DKE"),'LTM data'!$D$46:$W$46,0))} -> 778.35424 | AA34: =Y34-Z34 -> 0 | AB34: =M34*$F34 -> 17.040252 | AC34: =$E34*N34 -> 17.040252 | AD34: =$F34*O34 -> 0 | AE34: =P34*$F34 -> 16.552618 | AF34: =$E34*Q34 -> 16.552618 | AG34: =$F34*R34 -> 0 | AH34: =S34*$F34 -> 17.26607 | AI34: =$E34*T34 -> 17.26607 | AJ34: =$F34*U34 -> 0 | AK34: =V34*$F34 -> 17.083487 | AL34: =$E34*W34 -> 17.083487 | AM34: =$F34*X34 -> 0 | AN34: =Y34*$F34 -> 17.189637 | AO34: =$E34*Z34 -> 17.189637 | AP34: =$F34*AA34 -> 0
C35: FLO_FUNC | D35: 2010 | E35: =1/$R$9 -> 0.018155333 | F35: =1/$R$9 -> 0.018155333 | G35: TPRS* | H35: TPM | I35: TIMESTM | K35: S-train | M35: {=INDEX('LTM data'!$D$47:$W$66,MATCH(Speed!$H35&Speed!M$20,'LTM data'!$C$47:$C$66&'LTM data'!$A$47:$A$66,0),MATCH(Speed!$K35,'LTM data'!$D$46:$W$46,0))} -> 415.5974 | N35: {=INDEX('LTM data'!$D$47:$W$66,MATCH(Speed!$H35&Speed!N$20,'LTM data'!$C$47:$C$66&'LTM data'!$A$47:$A$66,0),MATCH((Speed!$K35&" DKE"),'LTM data'!$D$46:$W$46,0))} -> 415.5974 | O35: =M35-N35 -> 0 | P35: {=INDEX('LTM data'!$D$47:$W$66,MATCH(Speed!$H35&Speed!P$20,'LTM data'!$C$47:$C$66&'LTM data'!$A$47:$A$66,0),MATCH(Speed!$K35,'LTM data'!$D$46:$W$46,0))} -> 403.70443 | Q35: {=INDEX('LTM data'!$D$47:$W$66,MATCH(Speed!$H35&Speed!Q$20,'LTM data'!$C$47:$C$66&'LTM data'!$A$47:$A$66,0),MATCH((Speed!$K35&" DKE"),'LTM data'!$D$46:$W$46,0))} -> 403.70443 | R35: =P35-Q35 -> 0 | S35: {=INDEX('LTM data'!$D$47:$W$66,MATCH(Speed!$H35&Speed!S$20,'LTM data'!$C$47:$C$66&'LTM data'!$A$47:$A$66,0),MATCH(Speed!$K35,'LTM data'!$D$46:$W$46,0))} -> 421.1049 | T35: {=INDEX('LTM data'!$D$47:$W$66,MATCH(Speed!$H35&Speed!T$20,'LTM data'!$C$47:$C$66&'LTM data'!$A$47:$A$66,0),MATCH((Speed!$K35&" DKE"),'LTM data'!$D$46:$W$46,0))} -> 421.1049 | U35: =S35-T35 -> 0 | V35: {=INDEX('LTM data'!$D$47:$W$66,MATCH(Speed!$H35&Speed!V$20,'LTM data'!$C$47:$C$66&'LTM data'!$A$47:$A$66,0),MATCH(Speed!$K35,'LTM data'!$D$46:$W$46,0))} -> 416.65188 | W35: {=INDEX('LTM data'!$D$47:$W$66,MATCH(Speed!$H35&Speed!W$20,'LTM data'!$C$47:$C$66&'LTM data'!$A$47:$A$66,0),MATCH((Speed!$K35&" DKE"),'LTM data'!$D$46:$W$46,0))} -> 416.65188 | X35: =V35-W35 -> 0 | Y35: {=INDEX('LTM data'!$D$47:$W$66,MATCH(Speed!$H35&Speed!Y$20,'LTM data'!$C$47:$C$66&'LTM data'!$A$47:$A$66,0),MATCH(Speed!$K35,'LTM data'!$D$46:$W$46,0))} -> 419.24078 | Z35: {=INDEX('LTM data'!$D$47:$W$66,MATCH(Speed!$H35&Speed!Z$20,'LTM data'!$C$47:$C$66&'LTM data'!$A$47:$A$66,0),MATCH((Speed!$K35&" DKE"),'LTM data'!$D$46:$W$46,0))} -> 419.24078 | AA35: =Y35-Z35 -> 0 | AB35: =M35*$F35 -> 7.545309 | AC35: =$E35*N35 -> 7.545309 | AD35: =$F35*O35 -> 0 | AE35: =P35*$F35 -> 7.3293881 | AF35: =$E35*Q35 -> 7.3293881 | AG35: =$F35*R35 -> 0 | AH35: =S35*$F35 -> 7.6452996 | AI35: =$E35*T35 -> 7.6452996 | AJ35: =$F35*U35 -> 0 | AK35: =V35*$F35 -> 7.5644534 | AL35: =$E35*W35 -> 7.5644534 | AM35: =$F35*X35 -> 0 | AN35: =Y35*$F35 -> 7.6114558 | AO35: =$E35*Z35 -> 7.6114558 | AP35: =$F35*AA35 -> 0
C36: FLO_FUNC | D36: 2010 | E36: =1/$P$10 -> 0.0315242 | F36: =1/$P$10 -> 0.0315242 | G36: TPRM* | H36: TPXS | I36: TIMEMEXS | K36: Metro | M36: {=INDEX('LTM data'!$D$47:$W$66,MATCH(Speed!$H36&Speed!M$20,'LTM data'!$C$47:$C$66&'LTM data'!$A$47:$A$66,0),MATCH(Speed!$K36,'LTM data'!$D$46:$W$46,0))} -> 92.307668 | N36: {=INDEX('LTM data'!$D$47:$W$66,MATCH(Speed!$H36&Speed!N$20,'LTM data'!$C$47:$C$66&'LTM data'!$A$47:$A$66,0),MATCH((Speed!$K36&" DKE"),'LTM data'!$D$46:$W$46,0))} -> 92.307668 | O36: =M36-N36 -> 0 | P36: {=INDEX('LTM data'!$D$47:$W$66,MATCH(Speed!$H36&Speed!P$20,'LTM data'!$C$47:$C$66&'LTM data'!$A$47:$A$66,0),MATCH(Speed!$K36,'LTM data'!$D$46:$W$46,0))} -> 199.97733 | Q36: {=INDEX('LTM data'!$D$47:$W$66,MATCH(Speed!$H36&Speed!Q$20,'LTM data'!$C$47:$C$66&'LTM data'!$A$47:$A$66,0),MATCH((Speed!$K36&" DKE"),'LTM data'!$D$46:$W$46,0))} -> 199.97733 | R36: =P36-Q36 -> 0 | S36: {=INDEX('LTM data'!$D$47:$W$66,MATCH(Speed!$H36&Speed!S$20,'LTM data'!$C$47:$C$66&'LTM data'!$A$47:$A$66,0),MATCH(Speed!$K36,'LTM data'!$D$46:$W$46,0))} -> 217.38347 | T36: {=INDEX('LTM data'!$D$47:$W$66,MATCH(Speed!$H36&Speed!T$20,'LTM data'!$C$47:$C$66&'LTM data'!$A$47:$A$66,0),MATCH((Speed!$K36&" DKE"),'LTM data'!$D$46:$W$46,0))} -> 217.38347 | U36: =S36-T36 -> 0 | V36: {=INDEX('LTM data'!$D$47:$W$66,MATCH(Speed!$H36&Speed!V$20,'LTM data'!$C$47:$C$66&'LTM data'!$A$47:$A$66,0),MATCH(Speed!$K36,'LTM data'!$D$46:$W$46,0))} -> 216.49221 | W36: {=INDEX('LTM data'!$D$47:$W$66,MATCH(Speed!$H36&Speed!W$20,'LTM data'!$C$47:$C$66&'LTM data'!$A$47:$A$66,0),MATCH((Speed!$K36&" DKE"),'LTM data'!$D$46:$W$46,0))} -> 216.49221 | X36: =V36-W36 -> 0 | Y36: {=INDEX('LTM data'!$D$47:$W$66,MATCH(Speed!$H36&Speed!Y$20,'LTM data'!$C$47:$C$66&'LTM data'!$A$47:$A$66,0),MATCH(Speed!$K36,'LTM data'!$D$46:$W$46,0))} -> 216.49221 | Z36: {=INDEX('LTM data'!$D$47:$W$66,MATCH(Speed!$H36&Speed!Z$20,'LTM data'!$C$47:$C$66&'LTM data'!$A$47:$A$66,0),MATCH((Speed!$K36&" DKE"),'LTM data'!$D$46:$W$46,0))} -> 216.49221 | AA36: =Y36-Z36 -> 0 | AB36: =M36*$F36 -> 2.9099254 | AC36: =$E36*N36 -> 2.9099254 | AD36: =$F36*O36 -> 0 | AE36: =P36*$F36 -> 6.3041252 | AF36: =$E36*Q36 -> 6.3041252 | AG36: =$F36*R36 -> 0 | AH36: =S36*$F36 -> 6.8528399 | AI36: =$E36*T36 -> 6.8528399 | AJ36: =$F36*U36 -> 0 | AK36: =V36*$F36 -> 6.8247437 | AL36: =$E36*W36 -> 6.8247437 | AM36: =$F36*X36 -> 0 | AN36: =Y36*$F36 -> 6.8247437 | AO36: =$E36*Z36 -> 6.8247437 | AP36: =$F36*AA36 -> 0
C37: FLO_FUNC | D37: 2010 | E37: =1/$Q$10 -> 0.025217544 | F37: =1/$Q$10 -> 0.025217544 | G37: TPRM* | H37: TPS | I37: TIMEMES | K37: Metro | M37: {=INDEX('LTM data'!$D$47:$W$66,MATCH(Speed!$H37&Speed!M$20,'LTM data'!$C$47:$C$66&'LTM data'!$A$47:$A$66,0),MATCH(Speed!$K37,'LTM data'!$D$46:$W$46,0))} -> 157.19238 | N37: {=INDEX('LTM data'!$D$47:$W$66,MATCH(Speed!$H37&Speed!N$20,'LTM data'!$C$47:$C$66&'LTM data'!$A$47:$A$66,0),MATCH((Speed!$K37&" DKE"),'LTM data'!$D$46:$W$46,0))} -> 157.19238 | O37: =M37-N37 -> 0 | P37: {=INDEX('LTM data'!$D$47:$W$66,MATCH(Speed!$H37&Speed!P$20,'LTM data'!$C$47:$C$66&'LTM data'!$A$47:$A$66,0),MATCH(Speed!$K37,'LTM data'!$D$46:$W$46,0))} -> 340.54496 | Q37: {=INDEX('LTM data'!$D$47:$W$66,MATCH(Speed!$H37&Speed!Q$20,'LTM data'!$C$47:$C$66&'LTM data'!$A$47:$A$66,0),MATCH((Speed!$K37&" DKE"),'LTM data'!$D$46:$W$46,0))} -> 340.54496 | R37: =P37-Q37 -> 0 | S37: {=INDEX('LTM data'!$D$47:$W$66,MATCH(Speed!$H37&Speed!S$20,'LTM data'!$C$47:$C$66&'LTM data'!$A$47:$A$66,0),MATCH(Speed!$K37,'LTM data'!$D$46:$W$46,0))} -> 370.18619 | T37: {=INDEX('LTM data'!$D$47:$W$66,MATCH(Speed!$H37&Speed!T$20,'LTM data'!$C$47:$C$66&'LTM data'!$A$47:$A$66,0),MATCH((Speed!$K37&" DKE"),'LTM data'!$D$46:$W$46,0))} -> 370.18619 | U37: =S37-T37 -> 0 | V37: {=INDEX('LTM data'!$D$47:$W$66,MATCH(Speed!$H37&Speed!V$20,'LTM data'!$C$47:$C$66&'LTM data'!$A$47:$A$66,0),MATCH(Speed!$K37,'LTM data'!$D$46:$W$46,0))} -> 368.66845 | W37: {=INDEX('LTM data'!$D$47:$W$66,MATCH(Speed!$H37&Speed!W$20,'LTM data'!$C$47:$C$66&'LTM data'!$A$47:$A$66,0),MATCH((Speed!$K37&" DKE"),'LTM data'!$D$46:$W$46,0))} -> 368.66845 | X37: =V37-W37 -> 0 | Y37: {=INDEX('LTM data'!$D$47:$W$66,MATCH(Speed!$H37&Speed!Y$20,'LTM data'!$C$47:$C$66&'LTM data'!$A$47:$A$66,0),MATCH(Speed!$K37,'LTM data'!$D$46:$W$46,0))} -> 368.66845 | Z37: {=INDEX('LTM data'!$D$47:$W$66,MATCH(Speed!$H37&Speed!Z$20,'LTM data'!$C$47:$C$66&'LTM data'!$A$47:$A$66,0),MATCH((Speed!$K37&" DKE"),'LTM data'!$D$46:$W$46,0))} -> 368.66845 | AA37: =Y37-Z37 -> 0 | AB37: =M37*$F37 -> 3.9640056 | AC37: =$E37*N37 -> 3.9640056 | AD37: =$F37*O37 -> 0 | AE37: =P37*$F37 -> 8.5877075 | AF37: =$E37*Q37 -> 8.5877075 | AG37: =$F37*R37 -> 0 | AH37: =S37*$F37 -> 9.3351864 | AI37: =$E37*T37 -> 9.3351864 | AJ37: =$F37*U37 -> 0 | AK37: =V37*$F37 -> 9.2969128 | AL37: =$E37*W37 -> 9.2969128 | AM37: =$F37*X37 -> 0 | AN37: =Y37*$F37 -> 9.2969128 | AO37: =$E37*Z37 -> 9.2969128 | AP37: =$F37*AA37 -> 0
C38: FLO_FUNC | D38: 2010 | E38: =1/$Q$11 -> 0.022048558 | F38: =1/$Q$11 -> 0.022048558 | G38: TPMT* | H38: TPS | I38: TIMEMTS | K38: Moto | M38: {=INDEX('LTM data'!$D$47:$W$66,MATCH(Speed!$H38&Speed!M$20,'LTM data'!$C$47:$C$66&'LTM data'!$A$47:$A$66,0),MATCH(Speed!$K38,'LTM data'!$D$46:$W$46,0))} -> 159.77971 | N38: {=INDEX('LTM data'!$D$47:$W$66,MATCH(Speed!$H38&Speed!N$20,'LTM data'!$C$47:$C$66&'LTM data'!$A$47:$A$66,0),MATCH((Speed!$K38&" DKE"),'LTM data'!$D$46:$W$46,0))} -> 58.594279 | O38: =M38-N38 -> 101.18543 | P38: {=INDEX('LTM data'!$D$47:$W$66,MATCH(Speed!$H38&Speed!P$20,'LTM data'!$C$47:$C$66&'LTM data'!$A$47:$A$66,0),MATCH(Speed!$K38,'LTM data'!$D$46:$W$46,0))} -> 173.9233 | Q38: {=INDEX('LTM data'!$D$47:$W$66,MATCH(Speed!$H38&Speed!Q$20,'LTM data'!$C$47:$C$66&'LTM data'!$A$47:$A$66,0),MATCH((Speed!$K38&" DKE"),'LTM data'!$D$46:$W$46,0))} -> 63.781004 | R38: =P38-Q38 -> 110.1423 | S38: {=INDEX('LTM data'!$D$47:$W$66,MATCH(Speed!$H38&Speed!S$20,'LTM data'!$C$47:$C$66&'LTM data'!$A$47:$A$66,0),MATCH(Speed!$K38,'LTM data'!$D$46:$W$46,0))} -> 175.37237 | T38: {=INDEX('LTM data'!$D$47:$W$66,MATCH(Speed!$H38&Speed!T$20,'LTM data'!$C$47:$C$66&'LTM data'!$A$47:$A$66,0),MATCH((Speed!$K38&" DKE"),'LTM data'!$D$46:$W$46,0))} -> 64.312405 | U38: =S38-T38 -> 111.05997 | V38: {=INDEX('LTM data'!$D$47:$W$66,MATCH(Speed!$H38&Speed!V$20,'LTM data'!$C$47:$C$66&'LTM data'!$A$47:$A$66,0),MATCH(Speed!$K38,'LTM data'!$D$46:$W$46,0))} -> 176.22002 | W38: {=INDEX('LTM data'!$D$47:$W$66,MATCH(Speed!$H38&Speed!W$20,'LTM data'!$C$47:$C$66&'LTM data'!$A$47:$A$66,0),MATCH((Speed!$K38&" DKE"),'LTM data'!$D$46:$W$46,0))} -> 64.623255 | X38: =V38-W38 -> 111.59677 | Y38: {=INDEX('LTM data'!$D$47:$W$66,MATCH(Speed!$H38&Speed!Y$20,'LTM data'!$C$47:$C$66&'LTM data'!$A$47:$A$66,0),MATCH(Speed!$K38,'LTM data'!$D$46:$W$46,0))} -> 176.82144 | Z38: {=INDEX('LTM data'!$D$47:$W$66,MATCH(Speed!$H38&Speed!Z$20,'LTM data'!$C$47:$C$66&'LTM data'!$A$47:$A$66,0),MATCH((Speed!$K38&" DKE"),'LTM data'!$D$46:$W$46,0))} -> 64.843806 | AA38: =Y38-Z38 -> 111.97763 | AB38: =M38*$F38 -> 3.5229122 | AC38: =$E38*N38 -> 1.2919193 | AD38: =$F38*O38 -> 2.2309929 | AE38: =P38*$F38 -> 3.834758 | AF38: =$E38*Q38 -> 1.4062792 | AG38: =$F38*R38 -> 2.4284788 | AH38: =S38*$F38 -> 3.8667079 | AI38: =$E38*T38 -> 1.4179958 | AJ38: =$F38*U38 -> 2.4487121 | AK38: =V38*$F38 -> 3.8853973 | AL38: =$E38*W38 -> 1.4248496 | AM38: =$F38*X38 -> 2.4605478 | AN38: =Y38*$F38 -> 3.8986577 | AO38: =$E38*Z38 -> 1.4297124 | AP38: =$F38*AA38 -> 2.4689453
C39: FLO_FUNC | D39: 2010 | E39: =1/$R$11 -> 0.015721595 | F39: =1/$R$11 -> 0.015721595 | G39: TPMT* | H39: TPM | I39: TIMEMTM | K39: Moto | M39: {=INDEX('LTM data'!$D$47:$W$66,MATCH(Speed!$H39&Speed!M$20,'LTM data'!$C$47:$C$66&'LTM data'!$A$47:$A$66,0),MATCH(Speed!$K39,'LTM data'!$D$46:$W$46,0))} -> 126.11304 | N39: {=INDEX('LTM data'!$D$47:$W$66,MATCH(Speed!$H39&Speed!N$20,'LTM data'!$C$47:$C$66&'LTM data'!$A$47:$A$66,0),MATCH((Speed!$K39&" DKE"),'LTM data'!$D$46:$W$46,0))} -> 46.248068 | O39: =M39-N39 -> 79.864977 | P39: {=INDEX('LTM data'!$D$47:$W$66,MATCH(Speed!$H39&Speed!P$20,'LTM data'!$C$47:$C$66&'LTM data'!$A$47:$A$66,0),MATCH(Speed!$K39,'LTM data'!$D$46:$W$46,0))} -> 137.27649 | Q39: {=INDEX('LTM data'!$D$47:$W$66,MATCH(Speed!$H39&Speed!Q$20,'LTM data'!$C$47:$C$66&'LTM data'!$A$47:$A$66,0),MATCH((Speed!$K39&" DKE"),'LTM data'!$D$46:$W$46,0))} -> 50.341915 | R39: =P39-Q39 -> 86.93457 | S39: {=INDEX('LTM data'!$D$47:$W$66,MATCH(Speed!$H39&Speed!S$20,'LTM data'!$C$47:$C$66&'LTM data'!$A$47:$A$66,0),MATCH(Speed!$K39,'LTM data'!$D$46:$W$46,0))} -> 138.42023 | T39: {=INDEX('LTM data'!$D$47:$W$66,MATCH(Speed!$H39&Speed!T$20,'LTM data'!$C$47:$C$66&'LTM data'!$A$47:$A$66,0),MATCH((Speed!$K39&" DKE"),'LTM data'!$D$46:$W$46,0))} -> 50.761346 | U39: =S39-T39 -> 87.658879 | V39: {=INDEX('LTM data'!$D$47:$W$66,MATCH(Speed!$H39&Speed!V$20,'LTM data'!$C$47:$C$66&'LTM data'!$A$47:$A$66,0),MATCH(Speed!$K39,'LTM data'!$D$46:$W$46,0))} -> 139.08927 | W39: {=INDEX('LTM data'!$D$47:$W$66,MATCH(Speed!$H39&Speed!W$20,'LTM data'!$C$47:$C$66&'LTM data'!$A$47:$A$66,0),MATCH((Speed!$K39&" DKE"),'LTM data'!$D$46:$W$46,0))} -> 51.006698 | X39: =V39-W39 -> 88.082572 | Y39: {=INDEX('LTM data'!$D$47:$W$66,MATCH(Speed!$H39&Speed!Y$20,'LTM data'!$C$47:$C$66&'LTM data'!$A$47:$A$66,0),MATCH(Speed!$K39,'LTM data'!$D$46:$W$46,0))} -> 139.56396 | Z39: {=INDEX('LTM data'!$D$47:$W$66,MATCH(Speed!$H39&Speed!Z$20,'LTM data'!$C$47:$C$66&'LTM data'!$A$47:$A$66,0),MATCH((Speed!$K39&" DKE"),'LTM data'!$D$46:$W$46,0))} -> 51.180777 | AA39: =Y39-Z39 -> 88.383188 | AB39: =M39*$F39 -> 1.9826982 | AC39: =$E39*N39 -> 0.72709337 | AD39: =$F39*O39 -> 1.2556048 | AE39: =P39*$F39 -> 2.1582052 | AF39: =$E39*Q39 -> 0.79145518 | AG39: =$F39*R39 -> 1.3667501 | AH39: =S39*$F39 -> 2.1761867 | AI39: =$E39*T39 -> 0.7980493 | AJ39: =$F39*U39 -> 1.3781374 | AK39: =V39*$F39 -> 2.1867051 | AL39: =$E39*W39 -> 0.80190662 | AM39: =$F39*X39 -> 1.3847985 | AN39: =Y39*$F39 -> 2.1941681 | AO39: =$E39*Z39 -> 0.80464343 | AP39: =$F39*AA39 -> 1.3895246
C40: FLO_FUNC | D40: 2010 | E40: =1/$S$11 -> 0.0137706 | F40: =1/$S$11 -> 0.0137706 | G40: TPMT* | H40: TPL | I40: TIMEMTL | K40: Moto | M40: {=INDEX('LTM data'!$D$47:$W$66,MATCH(Speed!$H40&Speed!M$20,'LTM data'!$C$47:$C$66&'LTM data'!$A$47:$A$66,0),MATCH(Speed!$K40,'LTM data'!$D$46:$W$46,0))} -> 180.10724 | N40: {=INDEX('LTM data'!$D$47:$W$66,MATCH(Speed!$H40&Speed!N$20,'LTM data'!$C$47:$C$66&'LTM data'!$A$47:$A$66,0),MATCH((Speed!$K40&" DKE"),'LTM data'!$D$46:$W$46,0))} -> 66.048774 | O40: =M40-N40 -> 114.05847 | P40: {=INDEX('LTM data'!$D$47:$W$66,MATCH(Speed!$H40&Speed!P$20,'LTM data'!$C$47:$C$66&'LTM data'!$A$47:$A$66,0),MATCH(Speed!$K40,'LTM data'!$D$46:$W$46,0))} -> 196.05021 | Q40: {=INDEX('LTM data'!$D$47:$W$66,MATCH(Speed!$H40&Speed!Q$20,'LTM data'!$C$47:$C$66&'LTM data'!$A$47:$A$66,0),MATCH((Speed!$K40&" DKE"),'LTM data'!$D$46:$W$46,0))} -> 71.895366 | R40: =P40-Q40 -> 124.15485 | S40: {=INDEX('LTM data'!$D$47:$W$66,MATCH(Speed!$H40&Speed!S$20,'LTM data'!$C$47:$C$66&'LTM data'!$A$47:$A$66,0),MATCH(Speed!$K40,'LTM data'!$D$46:$W$46,0))} -> 197.68364 | T40: {=INDEX('LTM data'!$D$47:$W$66,MATCH(Speed!$H40&Speed!T$20,'LTM data'!$C$47:$C$66&'LTM data'!$A$47:$A$66,0),MATCH((Speed!$K40&" DKE"),'LTM data'!$D$46:$W$46,0))} -> 72.494373 | U40: =S40-T40 -> 125.18926 | V40: {=INDEX('LTM data'!$D$47:$W$66,MATCH(Speed!$H40&Speed!V$20,'LTM data'!$C$47:$C$66&'LTM data'!$A$47:$A$66,0),MATCH(Speed!$K40,'LTM data'!$D$46:$W$46,0))} -> 198.63913 | W40: {=INDEX('LTM data'!$D$47:$W$66,MATCH(Speed!$H40&Speed!W$20,'LTM data'!$C$47:$C$66&'LTM data'!$A$47:$A$66,0),MATCH((Speed!$K40&" DKE"),'LTM data'!$D$46:$W$46,0))} -> 72.84477 | X40: =V40-W40 -> 125.79436 | Y40: {=INDEX('LTM data'!$D$47:$W$66,MATCH(Speed!$H40&Speed!Y$20,'LTM data'!$C$47:$C$66&'LTM data'!$A$47:$A$66,0),MATCH(Speed!$K40,'LTM data'!$D$46:$W$46,0))} -> 199.31706 | Z40: {=INDEX('LTM data'!$D$47:$W$66,MATCH(Speed!$H40&Speed!Z$20,'LTM data'!$C$47:$C$66&'LTM data'!$A$47:$A$66,0),MATCH((Speed!$K40&" DKE"),'LTM data'!$D$46:$W$46,0))} -> 73.09338 | AA40: =Y40-Z40 -> 126.22368 | AB40: =M40*$F40 -> 2.4801848 | AC40: =$E40*N40 -> 0.90953123 | AD40: =$F40*O40 -> 1.5706535 | AE40: =P40*$F40 -> 2.699729 | AF40: =$E40*Q40 -> 0.99004231 | AG40: =$F40*R40 -> 1.7096867 | AH40: =S40*$F40 -> 2.7222222 | AI40: =$E40*T40 -> 0.998291 | AJ40: =$F40*U40 -> 1.7239312 | AK40: =V40*$F40 -> 2.7353799 | AL40: =$E40*W40 -> 1.0031162 | AM40: =$F40*X40 -> 1.7322637 | AN40: =Y40*$F40 -> 2.7447154 | AO40: =$E40*Z40 -> 1.0065397 | AP40: =$F40*AA40 -> 1.7381758
C41: FLO_FUNC | D41: 2010 | E41: =1/$P$12 -> 0.037285055 | F41: =1/$P$12 -> 0.037285055 | G41: TPMP* | H41: TPXS | I41: TIMEMPXS | K41: Moped | M41: {=INDEX('LTM data'!$D$47:$W$66,MATCH(Speed!$H41&Speed!M$20,'LTM data'!$C$47:$C$66&'LTM data'!$A$47:$A$66,0),MATCH(Speed!$K41,'LTM data'!$D$46:$W$46,0))} -> 15.858978 | N41: {=INDEX('LTM data'!$D$47:$W$66,MATCH(Speed!$H41&Speed!N$20,'LTM data'!$C$47:$C$66&'LTM data'!$A$47:$A$66,0),MATCH((Speed!$K41&" DKE"),'LTM data'!$D$46:$W$46,0))} -> 5.2797026 | O41: =M41-N41 -> 10.579275 | P41: {=INDEX('LTM data'!$D$47:$W$66,MATCH(Speed!$H41&Speed!P$20,'LTM data'!$C$47:$C$66&'LTM data'!$A$47:$A$66,0),MATCH(Speed!$K41,'LTM data'!$D$46:$W$46,0))} -> 10.547237 | Q41: {=INDEX('LTM data'!$D$47:$W$66,MATCH(Speed!$H41&Speed!Q$20,'LTM data'!$C$47:$C$66&'LTM data'!$A$47:$A$66,0),MATCH((Speed!$K41&" DKE"),'LTM data'!$D$46:$W$46,0))} -> 3.5113407 | R41: =P41-Q41 -> 7.035896 | S41: {=INDEX('LTM data'!$D$47:$W$66,MATCH(Speed!$H41&Speed!S$20,'LTM data'!$C$47:$C$66&'LTM data'!$A$47:$A$66,0),MATCH(Speed!$K41,'LTM data'!$D$46:$W$46,0))} -> 9.5841898 | T41: {=INDEX('LTM data'!$D$47:$W$66,MATCH(Speed!$H41&Speed!T$20,'LTM data'!$C$47:$C$66&'LTM data'!$A$47:$A$66,0),MATCH((Speed!$K41&" DKE"),'LTM data'!$D$46:$W$46,0))} -> 3.1907273 | U41: =S41-T41 -> 6.3934626 | V41: {=INDEX('LTM data'!$D$47:$W$66,MATCH(Speed!$H41&Speed!V$20,'LTM data'!$C$47:$C$66&'LTM data'!$A$47:$A$66,0),MATCH(Speed!$K41,'LTM data'!$D$46:$W$46,0))} -> 9.0208436 | W41: {=INDEX('LTM data'!$D$47:$W$66,MATCH(Speed!$H41&Speed!W$20,'LTM data'!$C$47:$C$66&'LTM data'!$A$47:$A$66,0),MATCH((Speed!$K41&" DKE"),'LTM data'!$D$46:$W$46,0))} -> 3.0031805 | X41: =V41-W41 -> 6.0176631 | Y41: {=INDEX('LTM data'!$D$47:$W$66,MATCH(Speed!$H41&Speed!Y$20,'LTM data'!$C$47:$C$66&'LTM data'!$A$47:$A$66,0),MATCH(Speed!$K41,'LTM data'!$D$46:$W$46,0))} -> 8.621143 | Z41: {=INDEX('LTM data'!$D$47:$W$66,MATCH(Speed!$H41&Speed!Z$20,'LTM data'!$C$47:$C$66&'LTM data'!$A$47:$A$66,0),MATCH((Speed!$K41&" DKE"),'LTM data'!$D$46:$W$46,0))} -> 2.8701139 | AA41: =Y41-Z41 -> 5.7510291 | AB41: =M41*$F41 -> 0.59130285 | AC41: =$E41*N41 -> 0.196854 | AD41: =$F41*O41 -> 0.39444885 | AE41: =P41*$F41 -> 0.3932543 | AF41: =$E41*Q41 -> 0.13092053 | AG41: =$F41*R41 -> 0.26233377 | AH41: =S41*$F41 -> 0.35734705 | AI41: =$E41*T41 -> 0.11896644 | AJ41: =$F41*U41 -> 0.2383806 | AK41: =V41*$F41 -> 0.33634265 | AL41: =$E41*W41 -> 0.11197375 | AM41: =$F41*X41 -> 0.2243689 | AN41: =Y41*$F41 -> 0.32143979 | AO41: =$E41*Z41 -> 0.10701235 | AP41: =$F41*AA41 -> 0.21442744
C42: FLO_FUNC | D42: 2010 | E42: =1/$Q$12 -> 0.026416731 | F42: =1/$Q$12 -> 0.026416731 | G42: TPMP* | H42: TPS | I42: TIMEMPS | K42: Moped | M42: {=INDEX('LTM data'!$D$47:$W$66,MATCH(Speed!$H42&Speed!M$20,'LTM data'!$C$47:$C$66&'LTM data'!$A$47:$A$66,0),MATCH(Speed!$K42,'LTM data'!$D$46:$W$46,0))} -> 52.072423 | N42: {=INDEX('LTM data'!$D$47:$W$66,MATCH(Speed!$H42&Speed!N$20,'LTM data'!$C$47:$C$66&'LTM data'!$A$47:$A$66,0),MATCH((Speed!$K42&" DKE"),'LTM data'!$D$46:$W$46,0))} -> 17.335727 | O42: =M42-N42 -> 34.736696 | P42: {=INDEX('LTM data'!$D$47:$W$66,MATCH(Speed!$H42&Speed!P$20,'LTM data'!$C$47:$C$66&'LTM data'!$A$47:$A$66,0),MATCH(Speed!$K42,'LTM data'!$D$46:$W$46,0))} -> 34.631499 | Q42: {=INDEX('LTM data'!$D$47:$W$66,MATCH(Speed!$H42&Speed!Q$20,'LTM data'!$C$47:$C$66&'LTM data'!$A$47:$A$66,0),MATCH((Speed!$K42&" DKE"),'LTM data'!$D$46:$W$46,0))} -> 11.52937 | R42: =P42-Q42 -> 23.102129 | S42: {=INDEX('LTM data'!$D$47:$W$66,MATCH(Speed!$H42&Speed!S$20,'LTM data'!$C$47:$C$66&'LTM data'!$A$47:$A$66,0),MATCH(Speed!$K42,'LTM data'!$D$46:$W$46,0))} -> 31.469367 | T42: {=INDEX('LTM data'!$D$47:$W$66,MATCH(Speed!$H42&Speed!T$20,'LTM data'!$C$47:$C$66&'LTM data'!$A$47:$A$66,0),MATCH((Speed!$K42&" DKE"),'LTM data'!$D$46:$W$46,0))} -> 10.476646 | U42: =S42-T42 -> 20.992721 | V42: {=INDEX('LTM data'!$D$47:$W$66,MATCH(Speed!$H42&Speed!V$20,'LTM data'!$C$47:$C$66&'LTM data'!$A$47:$A$66,0),MATCH(Speed!$K42,'LTM data'!$D$46:$W$46,0))} -> 29.619638 | W42: {=INDEX('LTM data'!$D$47:$W$66,MATCH(Speed!$H42&Speed!W$20,'LTM data'!$C$47:$C$66&'LTM data'!$A$47:$A$66,0),MATCH((Speed!$K42&" DKE"),'LTM data'!$D$46:$W$46,0))} -> 9.8608427 | X42: =V42-W42 -> 19.758796 | Y42: {=INDEX('LTM data'!$D$47:$W$66,MATCH(Speed!$H42&Speed!Y$20,'LTM data'!$C$47:$C$66&'LTM data'!$A$47:$A$66,0),MATCH(Speed!$K42,'LTM data'!$D$46:$W$46,0))} -> 28.307235 | Z42: {=INDEX('LTM data'!$D$47:$W$66,MATCH(Speed!$H42&Speed!Z$20,'LTM data'!$C$47:$C$66&'LTM data'!$A$47:$A$66,0),MATCH((Speed!$K42&" DKE"),'LTM data'!$D$46:$W$46,0))} -> 9.423923 | AA42: =Y42-Z42 -> 18.883312 | AB42: =M42*$F42 -> 1.3755832 | AC42: =$E42*N42 -> 0.45795325 | AD42: =$F42*O42 -> 0.91762996 | AE42: =P42*$F42 -> 0.91485101 | AF42: =$E42*Q42 -> 0.30456827 | AG42: =$F42*R42 -> 0.61028274 | AH42: =S42*$F42 -> 0.83131782 | AI42: =$E42*T42 -> 0.27675875 | AJ42: =$F42*U42 -> 0.55455906 | AK42: =V42*$F42 -> 0.78245403 | AL42: =$E42*W42 -> 0.26049123 | AM42: =$F42*X42 -> 0.5219628 | AN42: =Y42*$F42 -> 0.74778463 | AO42: =$E42*Z42 -> 0.24894924 | AP42: =$F42*AA42 -> 0.49883538
C43: FLO_FUNC | D43: 2010 | E43: =1/$R$12 -> 0.02430583 | F43: =1/$R$12 -> 0.02430583 | G43: TPMP* | H43: TPM | I43: TIMEMPM | K43: Moped | M43: {=INDEX('LTM data'!$D$47:$W$66,MATCH(Speed!$H43&Speed!M$20,'LTM data'!$C$47:$C$66&'LTM data'!$A$47:$A$66,0),MATCH(Speed!$K43,'LTM data'!$D$46:$W$46,0))} -> 6.7861859 | N43: {=INDEX('LTM data'!$D$47:$W$66,MATCH(Speed!$H43&Speed!N$20,'LTM data'!$C$47:$C$66&'LTM data'!$A$47:$A$66,0),MATCH((Speed!$K43&" DKE"),'LTM data'!$D$46:$W$46,0))} -> 2.2592278 | O43: =M43-N43 -> 4.526958 | P43: {=INDEX('LTM data'!$D$47:$W$66,MATCH(Speed!$H43&Speed!P$20,'LTM data'!$C$47:$C$66&'LTM data'!$A$47:$A$66,0),MATCH(Speed!$K43,'LTM data'!$D$46:$W$46,0))} -> 4.5132486 | Q43: {=INDEX('LTM data'!$D$47:$W$66,MATCH(Speed!$H43&Speed!Q$20,'LTM data'!$C$47:$C$66&'LTM data'!$A$47:$A$66,0),MATCH((Speed!$K43&" DKE"),'LTM data'!$D$46:$W$46,0))} -> 1.5025313 | R43: =P43-Q43 -> 3.0107173 | S43: {=INDEX('LTM data'!$D$47:$W$66,MATCH(Speed!$H43&Speed!S$20,'LTM data'!$C$47:$C$66&'LTM data'!$A$47:$A$66,0),MATCH(Speed!$K43,'LTM data'!$D$46:$W$46,0))} -> 4.101153 | T43: {=INDEX('LTM data'!$D$47:$W$66,MATCH(Speed!$H43&Speed!T$20,'LTM data'!$C$47:$C$66&'LTM data'!$A$47:$A$66,0),MATCH((Speed!$K43&" DKE"),'LTM data'!$D$46:$W$46,0))} -> 1.3653382 | U43: =S43-T43 -> 2.7358148 | V43: {=INDEX('LTM data'!$D$47:$W$66,MATCH(Speed!$H43&Speed!V$20,'LTM data'!$C$47:$C$66&'LTM data'!$A$47:$A$66,0),MATCH(Speed!$K43,'LTM data'!$D$46:$W$46,0))} -> 3.8600926 | W43: {=INDEX('LTM data'!$D$47:$W$66,MATCH(Speed!$H43&Speed!W$20,'LTM data'!$C$47:$C$66&'LTM data'!$A$47:$A$66,0),MATCH((Speed!$K43&" DKE"),'LTM data'!$D$46:$W$46,0))} -> 1.2850854 | X43: =V43-W43 -> 2.5750071 | Y43: {=INDEX('LTM data'!$D$47:$W$66,MATCH(Speed!$H43&Speed!Y$20,'LTM data'!$C$47:$C$66&'LTM data'!$A$47:$A$66,0),MATCH(Speed!$K43,'LTM data'!$D$46:$W$46,0))} -> 3.6890574 | Z43: {=INDEX('LTM data'!$D$47:$W$66,MATCH(Speed!$H43&Speed!Z$20,'LTM data'!$C$47:$C$66&'LTM data'!$A$47:$A$66,0),MATCH((Speed!$K43&" DKE"),'LTM data'!$D$46:$W$46,0))} -> 1.2281451 | AA43: =Y43-Z43 -> 2.4609123 | AB43: =M43*$F43 -> 0.16494388 | AC43: =$E43*N43 -> 0.054912407 | AD43: =$F43*O43 -> 0.11003147 | AE43: =P43*$F43 -> 0.10969825 | AF43: =$E43*Q43 -> 0.036520271 | AG43: =$F43*R43 -> 0.073177982 | AH43: =S43*$F43 -> 0.099681928 | AI43: =$E43*T43 -> 0.033185679 | AJ43: =$F43*U43 -> 0.066496249 | AK43: =V43*$F43 -> 0.093822753 | AL43: =$E43*W43 -> 0.031235068 | AM43: =$F43*X43 -> 0.062587685 | AN43: =Y43*$F43 -> 0.089665602 | AO43: =$E43*Z43 -> 0.029851087 | AP43: =$F43*AA43 -> 0.059814515
C44: FLO_FUNC | D44: 2010 | E44: =1/$S$12 -> 0.016563147 | F44: =1/$S$12 -> 0.016563147 | G44: TPMP* | H44: TPL | I44: TIMEMPL | K44: Moped | M44: {=INDEX('LTM data'!$D$47:$W$66,MATCH(Speed!$H44&Speed!M$20,'LTM data'!$C$47:$C$66&'LTM data'!$A$47:$A$66,0),MATCH(Speed!$K44,'LTM data'!$D$46:$W$46,0))} -> 3.2824139 | N44: {=INDEX('LTM data'!$D$47:$W$66,MATCH(Speed!$H44&Speed!N$20,'LTM data'!$C$47:$C$66&'LTM data'!$A$47:$A$66,0),MATCH((Speed!$K44&" DKE"),'LTM data'!$D$46:$W$46,0))} -> 1.0927671 | O44: =M44-N44 -> 2.1896468 | P44: {=INDEX('LTM data'!$D$47:$W$66,MATCH(Speed!$H44&Speed!P$20,'LTM data'!$C$47:$C$66&'LTM data'!$A$47:$A$66,0),MATCH(Speed!$K44,'LTM data'!$D$46:$W$46,0))} -> 2.1830157 | Q44: {=INDEX('LTM data'!$D$47:$W$66,MATCH(Speed!$H44&Speed!Q$20,'LTM data'!$C$47:$C$66&'LTM data'!$A$47:$A$66,0),MATCH((Speed!$K44&" DKE"),'LTM data'!$D$46:$W$46,0))} -> 0.72676019 | R44: =P44-Q44 -> 1.4562555 | S44: {=INDEX('LTM data'!$D$47:$W$66,MATCH(Speed!$H44&Speed!S$20,'LTM data'!$C$47:$C$66&'LTM data'!$A$47:$A$66,0),MATCH(Speed!$K44,'LTM data'!$D$46:$W$46,0))} -> 1.9836889 | T44: {=INDEX('LTM data'!$D$47:$W$66,MATCH(Speed!$H44&Speed!T$20,'LTM data'!$C$47:$C$66&'LTM data'!$A$47:$A$66,0),MATCH((Speed!$K44&" DKE"),'LTM data'!$D$46:$W$46,0))} -> 0.66040119 | U44: =S44-T44 -> 1.3232877 | V44: {=INDEX('LTM data'!$D$47:$W$66,MATCH(Speed!$H44&Speed!V$20,'LTM data'!$C$47:$C$66&'LTM data'!$A$47:$A$66,0),MATCH(Speed!$K44,'LTM data'!$D$46:$W$46,0))} -> 1.8670903 | W44: {=INDEX('LTM data'!$D$47:$W$66,MATCH(Speed!$H44&Speed!W$20,'LTM data'!$C$47:$C$66&'LTM data'!$A$47:$A$66,0),MATCH((Speed!$K44&" DKE"),'LTM data'!$D$46:$W$46,0))} -> 0.62158366 | X44: =V44-W44 -> 1.2455066 | Y44: {=INDEX('LTM data'!$D$47:$W$66,MATCH(Speed!$H44&Speed!Y$20,'LTM data'!$C$47:$C$66&'LTM data'!$A$47:$A$66,0),MATCH(Speed!$K44,'LTM data'!$D$46:$W$46,0))} -> 1.7843622 | Z44: {=INDEX('LTM data'!$D$47:$W$66,MATCH(Speed!$H44&Speed!Z$20,'LTM data'!$C$47:$C$66&'LTM data'!$A$47:$A$66,0),MATCH((Speed!$K44&" DKE"),'LTM data'!$D$46:$W$46,0))} -> 0.59404219 | AA44: =Y44-Z44 -> 1.19032 | AB44: =M44*$F44 -> 0.054367104 | AC44: =$E44*N44 -> 0.018099663 | AD44: =$F44*O44 -> 0.036267442 | AE44: =P44*$F44 -> 0.036157609 | AF44: =$E44*Q44 -> 0.012037436 | AG44: =$F44*R44 -> 0.024120173 | AH44: =S44*$F44 -> 0.032856131 | AI44: =$E44*T44 -> 0.010938322 | AJ44: =$F44*U44 -> 0.021917809 | AK44: =V44*$F44 -> 0.03092489 | AL44: =$E44*W44 -> 0.010295382 | AM44: =$F44*X44 -> 0.020629509 | AN44: =Y44*$F44 -> 0.029554653 | AO44: =$E44*Z44 -> 0.0098392081 | AP44: =$F44*AA44 -> 0.019715445
C45: FLO_FUNC | D45: 2010 | E45: =1/$P$13 -> 0.063168993 | F45: =1/$P$13 -> 0.063168993 | G45: TPBIKING* | H45: TPXS | I45: TIMEBIXS | K45: Bike | M45: {=INDEX('LTM data'!$D$47:$W$66,MATCH(Speed!$H45&Speed!M$20,'LTM data'!$C$47:$C$66&'LTM data'!$A$47:$A$66,0),MATCH(Speed!$K45,'LTM data'!$D$46:$W$46,0))} -> 1374.5699 | N45: {=INDEX('LTM data'!$D$47:$W$66,MATCH(Speed!$H45&Speed!N$20,'LTM data'!$C$47:$C$66&'LTM data'!$A$47:$A$66,0),MATCH((Speed!$K45&" DKE"),'LTM data'!$D$46:$W$46,0))} -> 617.09402 | O45: =M45-N45 -> 757.47587 | P45: {=INDEX('LTM data'!$D$47:$W$66,MATCH(Speed!$H45&Speed!P$20,'LTM data'!$C$47:$C$66&'LTM data'!$A$47:$A$66,0),MATCH(Speed!$K45,'LTM data'!$D$46:$W$46,0))} -> 1540.4889 | Q45: {=INDEX('LTM data'!$D$47:$W$66,MATCH(Speed!$H45&Speed!Q$20,'LTM data'!$C$47:$C$66&'LTM data'!$A$47:$A$66,0),MATCH((Speed!$K45&" DKE"),'LTM data'!$D$46:$W$46,0))} -> 691.58103 | R45: =P45-Q45 -> 848.90784 | S45: {=INDEX('LTM data'!$D$47:$W$66,MATCH(Speed!$H45&Speed!S$20,'LTM data'!$C$47:$C$66&'LTM data'!$A$47:$A$66,0),MATCH(Speed!$K45,'LTM data'!$D$46:$W$46,0))} -> 1578.4946 | T45: {=INDEX('LTM data'!$D$47:$W$66,MATCH(Speed!$H45&Speed!T$20,'LTM data'!$C$47:$C$66&'LTM data'!$A$47:$A$66,0),MATCH((Speed!$K45&" DKE"),'LTM data'!$D$46:$W$46,0))} -> 708.64316 | U45: =S45-T45 -> 869.8514 | V45: {=INDEX('LTM data'!$D$47:$W$66,MATCH(Speed!$H45&Speed!V$20,'LTM data'!$C$47:$C$66&'LTM data'!$A$47:$A$66,0),MATCH(Speed!$K45,'LTM data'!$D$46:$W$46,0))} -> 1571.9874 | W45: {=INDEX('LTM data'!$D$47:$W$66,MATCH(Speed!$H45&Speed!W$20,'LTM data'!$C$47:$C$66&'LTM data'!$A$47:$A$66,0),MATCH((Speed!$K45&" DKE"),'LTM data'!$D$46:$W$46,0))} -> 705.72188 | X45: =V45-W45 -> 866.26557 | Y45: {=INDEX('LTM data'!$D$47:$W$66,MATCH(Speed!$H45&Speed!Y$20,'LTM data'!$C$47:$C$66&'LTM data'!$A$47:$A$66,0),MATCH(Speed!$K45,'LTM data'!$D$46:$W$46,0))} -> 1576.5153 | Z45: {=INDEX('LTM data'!$D$47:$W$66,MATCH(Speed!$H45&Speed!Z$20,'LTM data'!$C$47:$C$66&'LTM data'!$A$47:$A$66,0),MATCH((Speed!$K45&" DKE"),'LTM data'!$D$46:$W$46,0))} -> 707.75461 | AA45: =Y45-Z45 -> 868.76071 | AB45: =M45*$F45 -> 86.830196 | AC45: =$E45*N45 -> 38.981208 | AD45: =$F45*O45 -> 47.848988 | AE45: =P45*$F45 -> 97.311131 | AF45: =$E45*Q45 -> 43.686478 | AG45: =$F45*R45 -> 53.624654 | AH45: =S45*$F45 -> 99.711913 | AI45: =$E45*T45 -> 44.764275 | AJ45: =$F45*U45 -> 54.947638 | AK45: =V45*$F45 -> 99.300865 | AL45: =$E45*W45 -> 44.579741 | AM45: =$F45*X45 -> 54.721124 | AN45: =Y45*$F45 -> 99.586886 | AO45: =$E45*Z45 -> 44.708146 | AP45: =$F45*AA45 -> 54.87874
C46: FLO_FUNC | D46: 2010 | E46: =1/$Q$13 -> 0.054144366 | F46: =1/$Q$13 -> 0.054144366 | G46: TPBIKING* | H46: TPS | I46: TIMEBIS | K46: Bike | M46: {=INDEX('LTM data'!$D$47:$W$66,MATCH(Speed!$H46&Speed!M$20,'LTM data'!$C$47:$C$66&'LTM data'!$A$47:$A$66,0),MATCH(Speed!$K46,'LTM data'!$D$46:$W$46,0))} -> 983.81741 | N46: {=INDEX('LTM data'!$D$47:$W$66,MATCH(Speed!$H46&Speed!N$20,'LTM data'!$C$47:$C$66&'LTM data'!$A$47:$A$66,0),MATCH((Speed!$K46&" DKE"),'LTM data'!$D$46:$W$46,0))} -> 441.67113 | O46: =M46-N46 -> 542.14628 | P46: {=INDEX('LTM data'!$D$47:$W$66,MATCH(Speed!$H46&Speed!P$20,'LTM data'!$C$47:$C$66&'LTM data'!$A$47:$A$66,0),MATCH(Speed!$K46,'LTM data'!$D$46:$W$46,0))} -> 1102.5702 | Q46: {=INDEX('LTM data'!$D$47:$W$66,MATCH(Speed!$H46&Speed!Q$20,'LTM data'!$C$47:$C$66&'LTM data'!$A$47:$A$66,0),MATCH((Speed!$K46&" DKE"),'LTM data'!$D$46:$W$46,0))} -> 494.98353 | R46: =P46-Q46 -> 607.58664 | S46: {=INDEX('LTM data'!$D$47:$W$66,MATCH(Speed!$H46&Speed!S$20,'LTM data'!$C$47:$C$66&'LTM data'!$A$47:$A$66,0),MATCH(Speed!$K46,'LTM data'!$D$46:$W$46,0))} -> 1129.7719 | T46: {=INDEX('LTM data'!$D$47:$W$66,MATCH(Speed!$H46&Speed!T$20,'LTM data'!$C$47:$C$66&'LTM data'!$A$47:$A$66,0),MATCH((Speed!$K46&" DKE"),'LTM data'!$D$46:$W$46,0))} -> 507.19537 | U46: =S46-T46 -> 622.57653 | V46: {=INDEX('LTM data'!$D$47:$W$66,MATCH(Speed!$H46&Speed!V$20,'LTM data'!$C$47:$C$66&'LTM data'!$A$47:$A$66,0),MATCH(Speed!$K46,'LTM data'!$D$46:$W$46,0))} -> 1125.1146 | W46: {=INDEX('LTM data'!$D$47:$W$66,MATCH(Speed!$H46&Speed!W$20,'LTM data'!$C$47:$C$66&'LTM data'!$A$47:$A$66,0),MATCH((Speed!$K46&" DKE"),'LTM data'!$D$46:$W$46,0))} -> 505.10453 | X46: =V46-W46 -> 620.01005 | Y46: {=INDEX('LTM data'!$D$47:$W$66,MATCH(Speed!$H46&Speed!Y$20,'LTM data'!$C$47:$C$66&'LTM data'!$A$47:$A$66,0),MATCH(Speed!$K46,'LTM data'!$D$46:$W$46,0))} -> 1128.3553 | Z46: {=INDEX('LTM data'!$D$47:$W$66,MATCH(Speed!$H46&Speed!Z$20,'LTM data'!$C$47:$C$66&'LTM data'!$A$47:$A$66,0),MATCH((Speed!$K46&" DKE"),'LTM data'!$D$46:$W$46,0))} -> 506.5594 | AA46: =Y46-Z46 -> 621.79589 | AB46: =M46*$F46 -> 53.26817 | AC46: =$E46*N46 -> 23.914003 | AD46: =$F46*O46 -> 29.354166 | AE46: =P46*$F46 -> 59.697963 | AF46: =$E46*Q46 -> 26.800569 | AG46: =$F46*R46 -> 32.897393 | AH46: =S46*$F46 -> 61.170783 | AI46: =$E46*T46 -> 27.461771 | AJ46: =$F46*U46 -> 33.709011 | AK46: =V46*$F46 -> 60.918615 | AL46: =$E46*W46 -> 27.348564 | AM46: =$F46*X46 -> 33.570051 | AN46: =Y46*$F46 -> 61.094082 | AO46: =$E46*Z46 -> 27.427338 | AP46: =$F46*AA46 -> 33.666744
C47: FLO_FUNC | D47: 2010 | E47: =1/$P$14 -> 0.057142857 | F47: =1/$P$14 -> 0.057142857 | G47: TPBIKELC1N | H47: TPXS | I47: TIMEBIXS | K47: ELC bike | M47: {=INDEX('LTM data'!$D$47:$W$66,MATCH(Speed!$H47&Speed!M$20,'LTM data'!$C$47:$C$66&'LTM data'!$A$47:$A$66,0),MATCH(Speed!$K47,'LTM data'!$D$46:$W$46,0))} -> #N/A | N47: {=INDEX('LTM data'!$D$47:$W$66,MATCH(Speed!$H47&Speed!N$20,'LTM data'!$C$47:$C$66&'LTM data'!$A$47:$A$66,0),MATCH((Speed!$K47&" DKE"),'LTM data'!$D$46:$W$46,0))} -> #N/A | O47: =M47-N47 -> #N/A | P47: {=INDEX('LTM data'!$D$47:$W$66,MATCH(Speed!$H47&Speed!P$20,'LTM data'!$C$47:$C$66&'LTM data'!$A$47:$A$66,0),MATCH(Speed!$K47,'LTM data'!$D$46:$W$46,0))} -> #N/A | Q47: {=INDEX('LTM data'!$D$47:$W$66,MATCH(Speed!$H47&Speed!Q$20,'LTM data'!$C$47:$C$66&'LTM data'!$A$47:$A$66,0),MATCH((Speed!$K47&" DKE"),'LTM data'!$D$46:$W$46,0))} -> #N/A | R47: =P47-Q47 -> #N/A | S47: {=INDEX('LTM data'!$D$47:$W$66,MATCH(Speed!$H47&Speed!S$20,'LTM data'!$C$47:$C$66&'LTM data'!$A$47:$A$66,0),MATCH(Speed!$K47,'LTM data'!$D$46:$W$46,0))} -> #N/A | T47: {=INDEX('LTM data'!$D$47:$W$66,MATCH(Speed!$H47&Speed!T$20,'LTM data'!$C$47:$C$66&'LTM data'!$A$47:$A$66,0),MATCH((Speed!$K47&" DKE"),'LTM data'!$D$46:$W$46,0))} -> #N/A | U47: =S47-T47 -> #N/A | V47: {=INDEX('LTM data'!$D$47:$W$66,MATCH(Speed!$H47&Speed!V$20,'LTM data'!$C$47:$C$66&'LTM data'!$A$47:$A$66,0),MATCH(Speed!$K47,'LTM data'!$D$46:$W$46,0))} -> #N/A | W47: {=INDEX('LTM data'!$D$47:$W$66,MATCH(Speed!$H47&Speed!W$20,'LTM data'!$C$47:$C$66&'LTM data'!$A$47:$A$66,0),MATCH((Speed!$K47&" DKE"),'LTM data'!$D$46:$W$46,0))} -> #N/A | X47: =V47-W47 -> #N/A | Y47: {=INDEX('LTM data'!$D$47:$W$66,MATCH(Speed!$H47&Speed!Y$20,'LTM data'!$C$47:$C$66&'LTM data'!$A$47:$A$66,0),MATCH(Speed!$K47,'LTM data'!$D$46:$W$46,0))} -> #N/A | Z47: {=INDEX('LTM data'!$D$47:$W$66,MATCH(Speed!$H47&Speed!Z$20,'LTM data'!$C$47:$C$66&'LTM data'!$A$47:$A$66,0),MATCH((Speed!$K47&" DKE"),'LTM data'!$D$46:$W$46,0))} -> #N/A | AA47: =Y47-Z47 -> #N/A
C48: FLO_FUNC | D48: 2010 | E48: =1/$Q$14 -> 0.053333333 | F48: =1/$Q$14 -> 0.053333333 | G48: TPBIKELC1N | H48: TPS | I48: TIMEBIS | K48: ELC bike | M48: {=INDEX('LTM data'!$D$47:$W$66,MATCH(Speed!$H48&Speed!M$20,'LTM data'!$C$47:$C$66&'LTM data'!$A$47:$A$66,0),MATCH(Speed!$K48,'LTM data'!$D$46:$W$46,0))} -> #N/A | N48: {=INDEX('LTM data'!$D$47:$W$66,MATCH(Speed!$H48&Speed!N$20,'LTM data'!$C$47:$C$66&'LTM data'!$A$47:$A$66,0),MATCH((Speed!$K48&" DKE"),'LTM data'!$D$46:$W$46,0))} -> #N/A | O48: =M48-N48 -> #N/A | P48: {=INDEX('LTM data'!$D$47:$W$66,MATCH(Speed!$H48&Speed!P$20,'LTM data'!$C$47:$C$66&'LTM data'!$A$47:$A$66,0),MATCH(Speed!$K48,'LTM data'!$D$46:$W$46,0))} -> #N/A | Q48: {=INDEX('LTM data'!$D$47:$W$66,MATCH(Speed!$H48&Speed!Q$20,'LTM data'!$C$47:$C$66&'LTM data'!$A$47:$A$66,0),MATCH((Speed!$K48&" DKE"),'LTM data'!$D$46:$W$46,0))} -> #N/A | R48: =P48-Q48 -> #N/A | S48: {=INDEX('LTM data'!$D$47:$W$66,MATCH(Speed!$H48&Speed!S$20,'LTM data'!$C$47:$C$66&'LTM data'!$A$47:$A$66,0),MATCH(Speed!$K48,'LTM data'!$D$46:$W$46,0))} -> #N/A | T48: {=INDEX('LTM data'!$D$47:$W$66,MATCH(Speed!$H48&Speed!T$20,'LTM data'!$C$47:$C$66&'LTM data'!$A$47:$A$66,0),MATCH((Speed!$K48&" DKE"),'LTM data'!$D$46:$W$46,0))} -> #N/A | U48: =S48-T48 -> #N/A | V48: {=INDEX('LTM data'!$D$47:$W$66,MATCH(Speed!$H48&Speed!V$20,'LTM data'!$C$47:$C$66&'LTM data'!$A$47:$A$66,0),MATCH(Speed!$K48,'LTM data'!$D$46:$W$46,0))} -> #N/A | W48: {=INDEX('LTM data'!$D$47:$W$66,MATCH(Speed!$H48&Speed!W$20,'LTM data'!$C$47:$C$66&'LTM data'!$A$47:$A$66,0),MATCH((Speed!$K48&" DKE"),'LTM data'!$D$46:$W$46,0))} -> #N/A | X48: =V48-W48 -> #N/A | Y48: {=INDEX('LTM data'!$D$47:$W$66,MATCH(Speed!$H48&Speed!Y$20,'LTM data'!$C$47:$C$66&'LTM data'!$A$47:$A$66,0),MATCH(Speed!$K48,'LTM data'!$D$46:$W$46,0))} -> #N/A | Z48: {=INDEX('LTM data'!$D$47:$W$66,MATCH(Speed!$H48&Speed!Z$20,'LTM data'!$C$47:$C$66&'LTM data'!$A$47:$A$66,0),MATCH((Speed!$K48&" DKE"),'LTM data'!$D$46:$W$46,0))} -> #N/A | AA48: =Y48-Z48 -> #N/A
C49: FLO_FUNC | D49: 2010 | E49: =1/$R$14 -> 0.05 | F49: =1/$R$14 -> 0.05 | G49: TPBIKELC1N | H49: TPM | I49: TIMEBIM | K49: ELC bike | M49: {=INDEX('LTM data'!$D$47:$W$66,MATCH(Speed!$H49&Speed!M$20,'LTM data'!$C$47:$C$66&'LTM data'!$A$47:$A$66,0),MATCH(Speed!$K49,'LTM data'!$D$46:$W$46,0))} -> #N/A | N49: {=INDEX('LTM data'!$D$47:$W$66,MATCH(Speed!$H49&Speed!N$20,'LTM data'!$C$47:$C$66&'LTM data'!$A$47:$A$66,0),MATCH((Speed!$K49&" DKE"),'LTM data'!$D$46:$W$46,0))} -> #N/A | O49: =M49-N49 -> #N/A | P49: {=INDEX('LTM data'!$D$47:$W$66,MATCH(Speed!$H49&Speed!P$20,'LTM data'!$C$47:$C$66&'LTM data'!$A$47:$A$66,0),MATCH(Speed!$K49,'LTM data'!$D$46:$W$46,0))} -> #N/A | Q49: {=INDEX('LTM data'!$D$47:$W$66,MATCH(Speed!$H49&Speed!Q$20,'LTM data'!$C$47:$C$66&'LTM data'!$A$47:$A$66,0),MATCH((Speed!$K49&" DKE"),'LTM data'!$D$46:$W$46,0))} -> #N/A | R49: =P49-Q49 -> #N/A | S49: {=INDEX('LTM data'!$D$47:$W$66,MATCH(Speed!$H49&Speed!S$20,'LTM data'!$C$47:$C$66&'LTM data'!$A$47:$A$66,0),MATCH(Speed!$K49,'LTM data'!$D$46:$W$46,0))} -> #N/A | T49: {=INDEX('LTM data'!$D$47:$W$66,MATCH(Speed!$H49&Speed!T$20,'LTM data'!$C$47:$C$66&'LTM data'!$A$47:$A$66,0),MATCH((Speed!$K49&" DKE"),'LTM data'!$D$46:$W$46,0))} -> #N/A | U49: =S49-T49 -> #N/A | V49: {=INDEX('LTM data'!$D$47:$W$66,MATCH(Speed!$H49&Speed!V$20,'LTM data'!$C$47:$C$66&'LTM data'!$A$47:$A$66,0),MATCH(Speed!$K49,'LTM data'!$D$46:$W$46,0))} -> #N/A | W49: {=INDEX('LTM data'!$D$47:$W$66,MATCH(Speed!$H49&Speed!W$20,'LTM data'!$C$47:$C$66&'LTM data'!$A$47:$A$66,0),MATCH((Speed!$K49&" DKE"),'LTM data'!$D$46:$W$46,0))} -> #N/A | X49: =V49-W49 -> #N/A | Y49: {=INDEX('LTM data'!$D$47:$W$66,MATCH(Speed!$H49&Speed!Y$20,'LTM data'!$C$47:$C$66&'LTM data'!$A$47:$A$66,0),MATCH(Speed!$K49,'LTM data'!$D$46:$W$46,0))} -> #N/A | Z49: {=INDEX('LTM data'!$D$47:$W$66,MATCH(Speed!$H49&Speed!Z$20,'LTM data'!$C$47:$C$66&'LTM data'!$A$47:$A$66,0),MATCH((Speed!$K49&" DKE"),'LTM data'!$D$46:$W$46,0))} -> #N/A | AA49: =Y49-Z49 -> #N/A
C50: FLO_FUNC | D50: 2010 | E50: =1/$P$15 -> 0.16717434 | F50: =1/$P$15 -> 0.16717434 | G50: TPWALK* | H50: TPXS | I50: TIMEWXS | K50: Walk | M50: {=INDEX('LTM data'!$D$47:$W$66,MATCH(Speed!$H50&Speed!M$20,'LTM data'!$C$47:$C$66&'LTM data'!$A$47:$A$66,0),MATCH(Speed!$K50,'LTM data'!$D$46:$W$46,0))} -> 538.26411 | N50: {=INDEX('LTM data'!$D$47:$W$66,MATCH(Speed!$H50&Speed!N$20,'LTM data'!$C$47:$C$66&'LTM data'!$A$47:$A$66,0),MATCH((Speed!$K50&" DKE"),'LTM data'!$D$46:$W$46,0))} -> 316.33898 | O50: =M50-N50 -> 221.92513 | P50: {=INDEX('LTM data'!$D$47:$W$66,MATCH(Speed!$H50&Speed!P$20,'LTM data'!$C$47:$C$66&'LTM data'!$A$47:$A$66,0),MATCH(Speed!$K50,'LTM data'!$D$46:$W$46,0))} -> 568.84274 | Q50: {=INDEX('LTM data'!$D$47:$W$66,MATCH(Speed!$H50&Speed!Q$20,'LTM data'!$C$47:$C$66&'LTM data'!$A$47:$A$66,0),MATCH((Speed!$K50&" DKE"),'LTM data'!$D$46:$W$46,0))} -> 334.31011 | R50: =P50-Q50 -> 234.53263 | S50: {=INDEX('LTM data'!$D$47:$W$66,MATCH(Speed!$H50&Speed!S$20,'LTM data'!$C$47:$C$66&'LTM data'!$A$47:$A$66,0),MATCH(Speed!$K50,'LTM data'!$D$46:$W$46,0))} -> 607.88099 | T50: {=INDEX('LTM data'!$D$47:$W$66,MATCH(Speed!$H50&Speed!T$20,'LTM data'!$C$47:$C$66&'LTM data'!$A$47:$A$66,0),MATCH((Speed!$K50&" DKE"),'LTM data'!$D$46:$W$46,0))} -> 357.25297 | U50: =S50-T50 -> 250.62802 | V50: {=INDEX('LTM data'!$D$47:$W$66,MATCH(Speed!$H50&Speed!V$20,'LTM data'!$C$47:$C$66&'LTM data'!$A$47:$A$66,0),MATCH(Speed!$K50,'LTM data'!$D$46:$W$46,0))} -> 641.10626 | W50: {=INDEX('LTM data'!$D$47:$W$66,MATCH(Speed!$H50&Speed!W$20,'LTM data'!$C$47:$C$66&'LTM data'!$A$47:$A$66,0),MATCH((Speed!$K50&" DKE"),'LTM data'!$D$46:$W$46,0))} -> 376.77954 | X50: =V50-W50 -> 264.32672 | Y50: {=INDEX('LTM data'!$D$47:$W$66,MATCH(Speed!$H50&Speed!Y$20,'LTM data'!$C$47:$C$66&'LTM data'!$A$47:$A$66,0),MATCH(Speed!$K50,'LTM data'!$D$46:$W$46,0))} -> 675.91407 | Z50: {=INDEX('LTM data'!$D$47:$W$66,MATCH(Speed!$H50&Speed!Z$20,'LTM data'!$C$47:$C$66&'LTM data'!$A$47:$A$66,0),MATCH((Speed!$K50&" DKE"),'LTM data'!$D$46:$W$46,0))} -> 397.23616 | AA50: =Y50-Z50 -> 278.67791 | AB50: =M50*$F50 -> 89.983945 | AC50: =$E50*N50 -> 52.883759 | AD50: =$F50*O50 -> 37.100186 | AE50: =P50*$F50 -> 95.095908 | AF50: =$E50*Q50 -> 55.888071 | AG50: =$F50*R50 -> 39.207837 | AH50: =S50*$F50 -> 101.6221 | AI50: =$E50*T50 -> 59.723528 | AJ50: =$F50*U50 -> 41.898572 | AK50: =V50*$F50 -> 107.17651 | AL50: =$E50*W50 -> 62.987869 | AM50: =$F50*X50 -> 44.188645 | AN50: =Y50*$F50 -> 112.99549 | AO50: =$E50*Z50 -> 66.407691 | AP50: =$F50*AA50 -> 46.587794
C51: FLO_FUNC | D51: 2010 | E51: =1/$Q$15 -> 0.16717434 | F51: =1/$Q$15 -> 0.16717434 | G51: TPWALK* | H51: TPS | I51: TIMEWS | K51: Walk | M51: {=INDEX('LTM data'!$D$47:$W$66,MATCH(Speed!$H51&Speed!M$20,'LTM data'!$C$47:$C$66&'LTM data'!$A$47:$A$66,0),MATCH(Speed!$K51,'LTM data'!$D$46:$W$46,0))} -> 41.693642 | N51: {=INDEX('LTM data'!$D$47:$W$66,MATCH(Speed!$H51&Speed!N$20,'LTM data'!$C$47:$C$66&'LTM data'!$A$47:$A$66,0),MATCH((Speed!$K51&" DKE"),'LTM data'!$D$46:$W$46,0))} -> 24.503444 | O51: =M51-N51 -> 17.190198 | P51: {=INDEX('LTM data'!$D$47:$W$66,MATCH(Speed!$H51&Speed!P$20,'LTM data'!$C$47:$C$66&'LTM data'!$A$47:$A$66,0),MATCH(Speed!$K51,'LTM data'!$D$46:$W$46,0))} -> 44.062246 | Q51: {=INDEX('LTM data'!$D$47:$W$66,MATCH(Speed!$H51&Speed!Q$20,'LTM data'!$C$47:$C$66&'LTM data'!$A$47:$A$66,0),MATCH((Speed!$K51&" DKE"),'LTM data'!$D$46:$W$46,0))} -> 25.895477 | R51: =P51-Q51 -> 18.166769 | S51: {=INDEX('LTM data'!$D$47:$W$66,MATCH(Speed!$H51&Speed!S$20,'LTM data'!$C$47:$C$66&'LTM data'!$A$47:$A$66,0),MATCH(Speed!$K51,'LTM data'!$D$46:$W$46,0))} -> 47.086127 | T51: {=INDEX('LTM data'!$D$47:$W$66,MATCH(Speed!$H51&Speed!T$20,'LTM data'!$C$47:$C$66&'LTM data'!$A$47:$A$66,0),MATCH((Speed!$K51&" DKE"),'LTM data'!$D$46:$W$46,0))} -> 27.672619 | U51: =S51-T51 -> 19.413508 | V51: {=INDEX('LTM data'!$D$47:$W$66,MATCH(Speed!$H51&Speed!V$20,'LTM data'!$C$47:$C$66&'LTM data'!$A$47:$A$66,0),MATCH(Speed!$K51,'LTM data'!$D$46:$W$46,0))} -> 49.659739 | W51: {=INDEX('LTM data'!$D$47:$W$66,MATCH(Speed!$H51&Speed!W$20,'LTM data'!$C$47:$C$66&'LTM data'!$A$47:$A$66,0),MATCH((Speed!$K51&" DKE"),'LTM data'!$D$46:$W$46,0))} -> 29.185136 | X51: =V51-W51 -> 20.474603 | Y51: {=INDEX('LTM data'!$D$47:$W$66,MATCH(Speed!$H51&Speed!Y$20,'LTM data'!$C$47:$C$66&'LTM data'!$A$47:$A$66,0),MATCH(Speed!$K51,'LTM data'!$D$46:$W$46,0))} -> 52.355932 | Z51: {=INDEX('LTM data'!$D$47:$W$66,MATCH(Speed!$H51&Speed!Z$20,'LTM data'!$C$47:$C$66&'LTM data'!$A$47:$A$66,0),MATCH((Speed!$K51&" DKE"),'LTM data'!$D$46:$W$46,0))} -> 30.769695 | AA51: =Y51-Z51 -> 21.586238 | AB51: =M51*$F51 -> 6.9701069 | AC51: =$E51*N51 -> 4.0963469 | AD51: =$F51*O51 -> 2.87376 | AE51: =P51*$F51 -> 7.3660768 | AF51: =$E51*Q51 -> 4.3290593 | AG51: =$F51*R51 -> 3.0370175 | AH51: =S51*$F51 -> 7.871592 | AI51: =$E51*T51 -> 4.6261517 | AJ51: =$F51*U51 -> 3.2454404 | AK51: =V51*$F51 -> 8.3018338 | AL51: =$E51*W51 -> 4.8790057 | AM51: =$F51*X51 -> 3.4228281 | AN51: =Y51*$F51 -> 8.7525682 | AO51: =$E51*Z51 -> 5.1439033 | AP51: =$F51*AA51 -> 3.6086649
C52: FLO_FUNC | D52: 2010 | E52: =1/$Q$7 -> 0.027186889 | F52: =1/$Q$7 -> 0.027186889 | G52: TPCO* | H52: TPS | I52: TIMEBS | K52: Coach | M52: {=INDEX('LTM data'!$D$47:$W$66,MATCH(Speed!$H52&Speed!M$20,'LTM data'!$C$47:$C$66&'LTM data'!$A$47:$A$66,0),MATCH(Speed!$K52,'LTM data'!$D$46:$W$46,0))} -> 394.54088 | N52: {=INDEX('LTM data'!$D$47:$W$66,MATCH(Speed!$H52&Speed!N$20,'LTM data'!$C$47:$C$66&'LTM data'!$A$47:$A$66,0),MATCH((Speed!$K52&" DKE"),'LTM data'!$D$46:$W$46,0))} -> 235.98421 | O52: =M52-N52 -> 158.55667 | P52: {=INDEX('LTM data'!$D$47:$W$66,MATCH(Speed!$H52&Speed!P$20,'LTM data'!$C$47:$C$66&'LTM data'!$A$47:$A$66,0),MATCH(Speed!$K52,'LTM data'!$D$46:$W$46,0))} -> 427.32377 | Q52: {=INDEX('LTM data'!$D$47:$W$66,MATCH(Speed!$H52&Speed!Q$20,'LTM data'!$C$47:$C$66&'LTM data'!$A$47:$A$66,0),MATCH((Speed!$K52&" DKE"),'LTM data'!$D$46:$W$46,0))} -> 255.59243 | R52: =P52-Q52 -> 171.73134 | S52: {=INDEX('LTM data'!$D$47:$W$66,MATCH(Speed!$H52&Speed!S$20,'LTM data'!$C$47:$C$66&'LTM data'!$A$47:$A$66,0),MATCH(Speed!$K52,'LTM data'!$D$46:$W$46,0))} -> 439.17022 | T52: {=INDEX('LTM data'!$D$47:$W$66,MATCH(Speed!$H52&Speed!T$20,'LTM data'!$C$47:$C$66&'LTM data'!$A$47:$A$66,0),MATCH((Speed!$K52&" DKE"),'LTM data'!$D$46:$W$46,0))} -> 262.67807 | U52: =S52-T52 -> 176.49215 | V52: {=INDEX('LTM data'!$D$47:$W$66,MATCH(Speed!$H52&Speed!V$20,'LTM data'!$C$47:$C$66&'LTM data'!$A$47:$A$66,0),MATCH(Speed!$K52,'LTM data'!$D$46:$W$46,0))} -> 392.71475 | W52: {=INDEX('LTM data'!$D$47:$W$66,MATCH(Speed!$H52&Speed!W$20,'LTM data'!$C$47:$C$66&'LTM data'!$A$47:$A$66,0),MATCH((Speed!$K52&" DKE"),'LTM data'!$D$46:$W$46,0))} -> 234.89196 | X52: =V52-W52 -> 157.82279 | Y52: {=INDEX('LTM data'!$D$47:$W$66,MATCH(Speed!$H52&Speed!Y$20,'LTM data'!$C$47:$C$66&'LTM data'!$A$47:$A$66,0),MATCH(Speed!$K52,'LTM data'!$D$46:$W$46,0))} -> 360.77865 | Z52: {=INDEX('LTM data'!$D$47:$W$66,MATCH(Speed!$H52&Speed!Z$20,'LTM data'!$C$47:$C$66&'LTM data'!$A$47:$A$66,0),MATCH((Speed!$K52&" DKE"),'LTM data'!$D$46:$W$46,0))} -> 215.79022 | AA52: =Y52-Z52 -> 144.98843 | AB52: =M52*$F52 -> 10.726339 | AC52: =$E52*N52 -> 6.4156765 | AD52: =$F52*O52 -> 4.3106625 | AE52: =P52*$F52 -> 11.617604 | AF52: =$E52*Q52 -> 6.9487629 | AG52: =$F52*R52 -> 4.6688408 | AH52: =S52*$F52 -> 11.939672 | AI52: =$E52*T52 -> 7.1413996 | AJ52: =$F52*U52 -> 4.7982724 | AK52: =V52*$F52 -> 10.676692 | AL52: =$E52*W52 -> 6.3859815 | AM52: =$F52*X52 -> 4.2907107 | AN52: =Y52*$F52 -> 9.808449 | AO52: =$E52*Z52 -> 5.8666648 | AP52: =$F52*AA52 -> 3.9417842
C53: FLO_FUNC | D53: 2010 | E53: =1/$R$7 -> 0.017066928 | F53: =1/$R$7 -> 0.017066928 | G53: TPCO* | H53: TPM | I53: TIMEBM | K53: Coach | M53: {=INDEX('LTM data'!$D$47:$W$66,MATCH(Speed!$H53&Speed!M$20,'LTM data'!$C$47:$C$66&'LTM data'!$A$47:$A$66,0),MATCH(Speed!$K53,'LTM data'!$D$46:$W$46,0))} -> 389.46787 | N53: {=INDEX('LTM data'!$D$47:$W$66,MATCH(Speed!$H53&Speed!N$20,'LTM data'!$C$47:$C$66&'LTM data'!$A$47:$A$66,0),MATCH((Speed!$K53&" DKE"),'LTM data'!$D$46:$W$46,0))} -> 232.94992 | O53: =M53-N53 -> 156.51795 | P53: {=INDEX('LTM data'!$D$47:$W$66,MATCH(Speed!$H53&Speed!P$20,'LTM data'!$C$47:$C$66&'LTM data'!$A$47:$A$66,0),MATCH(Speed!$K53,'LTM data'!$D$46:$W$46,0))} -> 421.82923 | Q53: {=INDEX('LTM data'!$D$47:$W$66,MATCH(Speed!$H53&Speed!Q$20,'LTM data'!$C$47:$C$66&'LTM data'!$A$47:$A$66,0),MATCH((Speed!$K53&" DKE"),'LTM data'!$D$46:$W$46,0))} -> 252.30602 | R53: =P53-Q53 -> 169.52321 | S53: {=INDEX('LTM data'!$D$47:$W$66,MATCH(Speed!$H53&Speed!S$20,'LTM data'!$C$47:$C$66&'LTM data'!$A$47:$A$66,0),MATCH(Speed!$K53,'LTM data'!$D$46:$W$46,0))} -> 433.52336 | T53: {=INDEX('LTM data'!$D$47:$W$66,MATCH(Speed!$H53&Speed!T$20,'LTM data'!$C$47:$C$66&'LTM data'!$A$47:$A$66,0),MATCH((Speed!$K53&" DKE"),'LTM data'!$D$46:$W$46,0))} -> 259.30055 | U53: =S53-T53 -> 174.22281 | V53: {=INDEX('LTM data'!$D$47:$W$66,MATCH(Speed!$H53&Speed!V$20,'LTM data'!$C$47:$C$66&'LTM data'!$A$47:$A$66,0),MATCH(Speed!$K53,'LTM data'!$D$46:$W$46,0))} -> 387.66522 | W53: {=INDEX('LTM data'!$D$47:$W$66,MATCH(Speed!$H53&Speed!W$20,'LTM data'!$C$47:$C$66&'LTM data'!$A$47:$A$66,0),MATCH((Speed!$K53&" DKE"),'LTM data'!$D$46:$W$46,0))} -> 231.87171 | X53: =V53-W53 -> 155.7935 | Y53: {=INDEX('LTM data'!$D$47:$W$66,MATCH(Speed!$H53&Speed!Y$20,'LTM data'!$C$47:$C$66&'LTM data'!$A$47:$A$66,0),MATCH(Speed!$K53,'LTM data'!$D$46:$W$46,0))} -> 356.13975 | Z53: {=INDEX('LTM data'!$D$47:$W$66,MATCH(Speed!$H53&Speed!Z$20,'LTM data'!$C$47:$C$66&'LTM data'!$A$47:$A$66,0),MATCH((Speed!$K53&" DKE"),'LTM data'!$D$46:$W$46,0))} -> 213.01559 | AA53: =Y53-Z53 -> 143.12416 | AB53: =M53*$F53 -> 6.6470201 | AC53: =$E53*N53 -> 3.9757396 | AD53: =$F53*O53 -> 2.6712805 | AE53: =P53*$F53 -> 7.1993291 | AF53: =$E53*Q53 -> 4.3060886 | AG53: =$F53*R53 -> 2.8932405 | AH53: =S53*$F53 -> 7.3989121 | AI53: =$E53*T53 -> 4.4254639 | AJ53: =$F53*U53 -> 2.9734482 | AK53: =V53*$F53 -> 6.6162544 | AL53: =$E53*W53 -> 3.9573379 | AM53: =$F53*X53 -> 2.6589165 | AN53: =Y53*$F53 -> 6.0782116 | AO53: =$E53*Z53 -> 3.6355218 | AP53: =$F53*AA53 -> 2.4426898
C54: FLO_FUNC | D54: 2010 | E54: =1/$S$7 -> 0.014146905 | F54: =1/$S$7 -> 0.014146905 | G54: TPCO* | H54: TPL | I54: TIMEBL | K54: Coach | M54: {=INDEX('LTM data'!$D$47:$W$66,MATCH(Speed!$H54&Speed!M$20,'LTM data'!$C$47:$C$66&'LTM data'!$A$47:$A$66,0),MATCH(Speed!$K54,'LTM data'!$D$46:$W$46,0))} -> 3050.9913 | N54: {=INDEX('LTM data'!$D$47:$W$66,MATCH(Speed!$H54&Speed!N$20,'LTM data'!$C$47:$C$66&'LTM data'!$A$47:$A$66,0),MATCH((Speed!$K54&" DKE"),'LTM data'!$D$46:$W$46,0))} -> 1824.8699 | O54: =M54-N54 -> 1226.1214 | P54: {=INDEX('LTM data'!$D$47:$W$66,MATCH(Speed!$H54&Speed!P$20,'LTM data'!$C$47:$C$66&'LTM data'!$A$47:$A$66,0),MATCH(Speed!$K54,'LTM data'!$D$46:$W$46,0))} -> 3304.5019 | Q54: {=INDEX('LTM data'!$D$47:$W$66,MATCH(Speed!$H54&Speed!Q$20,'LTM data'!$C$47:$C$66&'LTM data'!$A$47:$A$66,0),MATCH((Speed!$K54&" DKE"),'LTM data'!$D$46:$W$46,0))} -> 1976.5005 | R54: =P54-Q54 -> 1328.0013 | S54: {=INDEX('LTM data'!$D$47:$W$66,MATCH(Speed!$H54&Speed!S$20,'LTM data'!$C$47:$C$66&'LTM data'!$A$47:$A$66,0),MATCH(Speed!$K54,'LTM data'!$D$46:$W$46,0))} -> 3396.1107 | T54: {=INDEX('LTM data'!$D$47:$W$66,MATCH(Speed!$H54&Speed!T$20,'LTM data'!$C$47:$C$66&'LTM data'!$A$47:$A$66,0),MATCH((Speed!$K54&" DKE"),'LTM data'!$D$46:$W$46,0))} -> 2031.294 | U54: =S54-T54 -> 1364.8168 | V54: {=INDEX('LTM data'!$D$47:$W$66,MATCH(Speed!$H54&Speed!V$20,'LTM data'!$C$47:$C$66&'LTM data'!$A$47:$A$66,0),MATCH(Speed!$K54,'LTM data'!$D$46:$W$46,0))} -> 3036.8698 | W54: {=INDEX('LTM data'!$D$47:$W$66,MATCH(Speed!$H54&Speed!W$20,'LTM data'!$C$47:$C$66&'LTM data'!$A$47:$A$66,0),MATCH((Speed!$K54&" DKE"),'LTM data'!$D$46:$W$46,0))} -> 1816.4235 | X54: =V54-W54 -> 1220.4463 | Y54: {=INDEX('LTM data'!$D$47:$W$66,MATCH(Speed!$H54&Speed!Y$20,'LTM data'!$C$47:$C$66&'LTM data'!$A$47:$A$66,0),MATCH(Speed!$K54,'LTM data'!$D$46:$W$46,0))} -> 2789.9074 | Z54: {=INDEX('LTM data'!$D$47:$W$66,MATCH(Speed!$H54&Speed!Z$20,'LTM data'!$C$47:$C$66&'LTM data'!$A$47:$A$66,0),MATCH((Speed!$K54&" DKE"),'LTM data'!$D$46:$W$46,0))} -> 1668.7094 | AA54: =Y54-Z54 -> 1121.1979 | AB54: =M54*$F54 -> 43.162083 | AC54: =$E54*N54 -> 25.81626 | AD54: =$F54*O54 -> 17.345823 | AE54: =P54*$F54 -> 46.748473 | AF54: =$E54*Q54 -> 27.961365 | AG54: =$F54*R54 -> 18.787108 | AH54: =S54*$F54 -> 48.044455 | AI54: =$E54*T54 -> 28.736522 | AJ54: =$F54*U54 -> 19.307933 | AK54: =V54*$F54 -> 42.962308 | AL54: =$E54*W54 -> 25.69677 | AM54: =$F54*X54 -> 17.265538 | AN54: =Y54*$F54 -> 39.468554 | AO54: =$E54*Z54 -> 23.607074 | AP54: =$F54*AA54 -> 15.861481
AB55: =SUM(AB22:AB54) -> 1389.8714 | AC55: =SUM(AC22:AC54) -> 642.09525 | AD55: =SUM(AD22:AD54) -> 747.77618 | AE55: =SUM(AE22:AE54) -> 1646.9826 | AF55: =SUM(AF21:AF54) -> 756.57385 | AG55: =SUM(AG22:AG54) -> 890.40879 | AH55: =SUM(AH22:AH54) -> 1714.819 | AI55: =SUM(AI21:AI54) -> 788.17232 | AJ55: =SUM(AJ22:AJ54) -> 926.64671 | AK55: =SUM(AK22:AK54) -> 1797.9976 | AL55: =SUM(AL21:AL54) -> 820.80477 | AM55: =SUM(AM22:AM54) -> 977.19286 | AN55: =SUM(AN22:AN54) -> 1877.1261 | AO55: =SUM(AO21:AO54) -> 852.9856 | AP55: =SUM(AP22:AP54) -> 1024.1405

Sheet Explanation

Sheet Min_Public_Transport
A1: UC - All Regions/Each Period
B2: ~UC_Sets: R_S: AllRegions
B3: ~UC_Sets: T_E:
G7: ~UC_T
B8: UC_N | C8: Pset_PN | D8: Pset_CI | E8: Cset_CN | F8: LimType | G8: Year | H8: UC_FLO | I8: UC_RHSTS | J8: UC_RHSTS~0 | K8: UC_Desc
B9: UC_Min_Pub_Transp_Extra_Short | C9: TPR*, TPBU* | D9: TRA* | E9: TPXS | F9: LO | G9: 2020 | H9: 1 | I9: 440.64076 | J9: 15 | K9: Minimum share of extra short distance demand to be met by public transport
C10: TPR*, TPBU* | D10: TRA* | E10: TPXS | F10: LO | G10: 2030 | H10: 1 | I10: 458.78049
C11: TPR*, TPBU* | D11: TRA* | E11: TPXS | F11: LO | G11: 2040 | H11: 1 | I11: 476.46595
C12: TPR*, TPBU* | D12: TRA* | E12: TPXS | F12: LO | G12: 2050 | H12: 1 | I12: 494.0449
G15: ~UC_T
B16: UC_N | C16: Pset_PN | D16: Pset_CI | E16: Cset_CN | F16: LimType | G16: Year | H16: UC_FLO | I16: UC_RHSTS | J16: UC_RHSTS~0 | K16: UC_Desc
B17: UC_Min_Pub_Transp_Short | C17: TPR*, TPBU* | D17: TRA* | E17: TPS | F17: LO | G17: 2020 | H17: 1 | I17: 1529.9129 | J17: 15 | K17: Minimum share of short distance demand to be met by public transport
C18: TPR*, TPBU* | D18: TRA* | E18: TPS | F18: LO | G18: 2030 | H18: 1 | I18: 1592.6173
C19: TPR*, TPBU* | D19: TRA* | E19: TPS | F19: LO | G19: 2040 | H19: 1 | I19: 1678.8301
C20: TPR*, TPBU* | D20: TRA* | E20: TPS | F20: LO | G20: 2050 | H20: 1 | I20: 1758.9087
G23: ~UC_T
B24: UC_N | C24: Pset_PN | D24: Pset_CI | E24: Cset_CN | F24: LimType | G24: Year | H24: UC_FLO | I24: UC_RHSTS | J24: UC_RHSTS~0 | K24: UC_Desc
B25: UC_Min_Pub_Transp_Medium | C25: TPR*, TPBU* | D25: TRA* | E25: TPM | F25: LO | G25: 2020 | H25: 1 | I25: 1045.1495 | J25: 15 | K25: Minimum share of medium distance demand to be met by public transport
C26: TPR*, TPBU* | D26: TRA* | E26: TPM | F26: LO | G26: 2030 | H26: 1 | I26: 1088.7199
C27: TPR*, TPBU* | D27: TRA* | E27: TPM | F27: LO | G27: 2040 | H27: 1 | I27: 1164.1306
C28: TPR*, TPBU* | D28: TRA* | E28: TPM | F28: LO | G28: 2050 | H28: 1 | I28: 1231.6273
G31: ~UC_T
B32: UC_N | C32: Pset_PN | D32: Pset_CI | E32: Cset_CN | F32: LimType | G32: Year | H32: UC_FLO | I32: UC_RHSTS | J32: UC_RHSTS~0 | K32: UC_Desc
B33: UC_Min_Pub_Transp_Long | C33: TPR*, TPBU* | D33: TRA* | E33: TPL | F33: LO | G33: 2020 | H33: 1 | I33: 2167.7448 | J33: 15 | K33: Minimum share of long distance demand to be met by public transport
C34: TPR*, TPBU* | D34: TRA* | E34: TPL | F34: LO | G34: 2030 | H34: 1 | I34: 2257.0994
C35: TPR*, TPBU* | D35: TRA* | E35: TPL | F35: LO | G35: 2040 | H35: 1 | I35: 2411.8043
C36: TPR*, TPBU* | D36: TRA* | E36: TPL | F36: LO | G36: 2050 | H36: 1 | I36: 2550.0145
G38: ~UC_T
B39: UC_N | C39: Pset_PN | D39: Pset_CI | E39: Cset_CN | F39: LimType | G39: Year | H39: UC_FLO | I39: UC_RHSTS | J39: UC_RHSTS~0 | K39: UC_Desc
B40: UC_Min_PubBus_Transp_Extra_Short | C40: TPBU* | D40: TRA* | E40: TPXS | F40: LO | G40: 2020 | H40: 1 | I40: ='LTM data'!E51*0.9 -> 574.84185 | J40: 15 | K40: Minimum share of extra short distance demand to be met by public transport
C41: TPBU* | D41: TRA* | E41: TPXS | F41: LO | G41: 2030 | H41: 1 | I41: ='LTM data'!E55*0.9 -> 590.77787
C42: TPBU* | D42: TRA* | E42: TPXS | F42: LO | G42: 2040 | H42: 1 | I42: ='LTM data'!E59*0.9 -> 528.28532
C43: TPBU* | D43: TRA* | E43: TPXS | F43: LO | G43: 2050 | H43: 1 | I43: ='LTM data'!E63*0.9 -> 485.32444
G46: ~UC_T
B47: UC_N | C47: Pset_PN | D47: Pset_CI | E47: Cset_CN | F47: LimType | G47: Year | H47: UC_FLO | I47: UC_RHSTS | J47: UC_RHSTS~0 | K47: UC_Desc
B48: UC_Min_PubBus_Transp_Short | C48: TPBU* | D48: TRA* | E48: TPS | F48: LO | G48: 2020 | H48: 1 | I48: ='LTM data'!E52*0.9 -> 1651.0475 | J48: 15 | K48: Minimum share of short distance demand to be met by public transport
C49: TPBU* | D49: TRA* | E49: TPS | F49: LO | G49: 2030 | H49: 1 | I49: ='LTM data'!E56*0.9 -> 1696.8185
C50: TPBU* | D50: TRA* | E50: TPS | F50: LO | G50: 2040 | H50: 1 | I50: ='LTM data'!E60*0.9 -> 1517.3289
C51: TPBU* | D51: TRA* | E51: TPS | F51: LO | G51: 2050 | H51: 1 | I51: ='LTM data'!E64*0.9 -> 1393.9376
G54: ~UC_T
B55: UC_N | C55: Pset_PN | D55: Pset_CI | E55: Cset_CN | F55: LimType | G55: Year | H55: UC_FLO | I55: UC_RHSTS | J55: UC_RHSTS~0 | K55: UC_Desc
B56: UC_Min_PubBus_Transp_Medium | C56: TPBU* | D56: TRA* | E56: TPM | F56: LO | G56: 2020 | H56: 1 | I56: ='LTM data'!E53*0.9 -> 474.69341 | J56: 15 | K56: Minimum share of medium distance demand to be met by public transport
C57: TPBU* | D57: TRA* | E57: TPM | F57: LO | G57: 2030 | H57: 1 | I57: ='LTM data'!E57*0.9 -> 487.85307
C58: TPBU* | D58: TRA* | E58: TPM | F58: LO | G58: 2040 | H58: 1 | I58: ='LTM data'!E61*0.9 -> 436.24792
C59: TPBU* | D59: TRA* | E59: TPM | F59: LO | G59: 2050 | H59: 1 | I59: ='LTM data'!E65*0.9 -> 400.77165
G62: ~UC_T
B63: UC_N | C63: Pset_PN | D63: Pset_CI | E63: Cset_CN | F63: LimType | G63: Year | H63: UC_FLO | I63: UC_RHSTS | J63: UC_RHSTS~0 | K63: UC_Desc
B64: UC_Min_PubBus_Transp_Long | C64: TPBU* | D64: TRA* | E64: TPL | F64: LO | G64: 2020 | H64: 1 | I64: ='LTM data'!E54*0.9 -> 271.52792 | J64: 15 | K64: Minimum share of long distance demand to be met by public transport
C65: TPBU* | D65: TRA* | E65: TPL | F65: LO | G65: 2030 | H65: 1 | I65: ='LTM data'!E58*0.9 -> 279.05534
C66: TPBU* | D66: TRA* | E66: TPL | F66: LO | G66: 2040 | H66: 1 | I66: ='LTM data'!E62*0.9 -> 249.53683
C67: TPBU* | D67: TRA* | E67: TPL | F67: LO | G67: 2050 | H67: 1 | I67: ='LTM data'!E66*0.9 -> 229.24416
B75: Distance projections according to the LTM model
D76: Car | E76: Public bus | F76: Train | G76: Coach | H76: S-train | I76: Metro | J76: Bike | K76: Walk | L76: Moto | M76: Moped | O76: Total | S76: =D76 -> Car | T76: =E76 -> Public bus | U76: =G76 -> Coach | V76: =F76 -> Train | W76: =H76 -> S-train | X76: =I76 -> Metro | Y76: =J76 -> Bike | Z76: =K76 -> Walk | AA76: =L76 -> Moto | AB76: =M76 -> Moped
A77: 2010 | B77: DKE | C77: XS | D77: ='LTM data'!D3 -> 1315.3946 | E77: ='LTM data'!E3 -> 352.72136 | F77: ='LTM data'!G3 -> 0 | G77: ='LTM data'!F3 -> 0 | H77: ='LTM data'!H3 -> 91.377594 | I77: ='LTM data'!I3 -> 92.307668 | J77: ='LTM data'!J3 -> 617.09402 | K77: ='LTM data'!K3 -> 316.33898 | L77: ='LTM data'!L3 -> 0 | M77: ='LTM data'!M3 -> 5.2797026 | N77: ='LTM data'!N3 -> 0 | O77: ='LTM data'!O3 -> 2790.5139 | P77: =SUM(D77:N77)+SUM(D81:N81) -> 6001.3339 | Q77: =O77+O81 -> 6001.3339 | R77: =Q77/$Q$81 -> 0.087096823 | S77: =(D77+D81) -> 3299.2425 | T77: =(E77+E81) -> 589.71317 | U77: =(G77+G81) -> 0 | V77: =(F77+F81) -> 0 | W77: =(H77+H81) -> 91.377594 | X77: =(I77+I81) -> 92.307668 | Y77: =(J77+J81) -> 1374.5699 | Z77: =(K77+K81) -> 538.26411 | AA77: =(L77+L81) -> 0 | AB77: =(M77+M81) -> 15.858978
C78: S | D78: ='LTM data'!D4 -> 6311.3791 | E78: ='LTM data'!E4 -> 1013.0781 | F78: ='LTM data'!G4 -> 249.14816 | G78: ='LTM data'!F4 -> 235.98421 | H78: ='LTM data'!H4 -> 771.59001 | I78: ='LTM data'!I4 -> 157.19238 | J78: ='LTM data'!J4 -> 441.67113 | K78: ='LTM data'!K4 -> 24.503444 | L78: ='LTM data'!L4 -> 58.594279 | M78: ='LTM data'!M4 -> 17.335727 | N78: ='LTM data'!N4 -> 0 | O78: ='LTM data'!O4 -> 9280.4766 | P78: =SUM(D78:N78)+SUM(D82:N82) -> 20497.912 | Q78: =O78+O82 -> 20497.912 | R78: =Q78/$Q$81 -> 0.29748437 | S78: =(D78+D82) -> 15830.087 | T78: =(E78+E82) -> 1693.7605 | U78: =(G78+G82) -> 394.54088 | V78: =(F78+F82) -> 413.37799 | W78: =(H78+H82) -> 771.59001 | X78: =(I78+I82) -> 157.19238 | Y78: =(J78+J82) -> 983.81741 | Z78: =(K78+K82) -> 41.693642 | AA78: =(L78+L82) -> 159.77971 | AB78: =(M78+M82) -> 52.072423
C79: M | D79: ='LTM data'!D5 -> 4558.756 | E79: ='LTM data'!E5 -> 291.27056 | F79: ='LTM data'!G5 -> 556.317 | G79: ='LTM data'!F5 -> 232.94992 | H79: ='LTM data'!H5 -> 415.5974 | I79: ='LTM data'!I5 -> 0 | J79: ='LTM data'!J5 -> 0 | K79: ='LTM data'!K5 -> 0 | L79: ='LTM data'!L5 -> 46.248068 | M79: ='LTM data'!M5 -> 2.2592278 | N79: ='LTM data'!N5 -> 0 | O79: ='LTM data'!O5 -> 6103.3982 | P79: =SUM(D79:N79)+SUM(D83:N83) -> 13782.107 | Q79: =O79+O83 -> 13782.107 | R79: =Q79/$Q$81 -> 0.20001849 | S79: =(D79+D83) -> 11434.146 | T79: =(E79+E83) -> 486.97387 | U79: =(G79+G83) -> 389.46787 | V79: =(F79+F83) -> 923.02188 | W79: =(H79+H83) -> 415.5974 | X79: =(I79+I83) -> 0 | Y79: =(J79+J83) -> 0 | Z79: =(K79+K83) -> 0 | AA79: =(L79+L83) -> 126.11304 | AB79: =(M79+M83) -> 6.7861859
C80: L | D80: ='LTM data'!D6 -> 8730.9461 | E80: ='LTM data'!E6 -> 166.60878 | F80: ='LTM data'!G6 -> 1935.2503 | G80: ='LTM data'!F6 -> 1824.8699 | H80: ='LTM data'!H6 -> 0 | I80: ='LTM data'!I6 -> 0 | J80: ='LTM data'!J6 -> 0 | K80: ='LTM data'!K6 -> 0 | L80: ='LTM data'!L6 -> 66.048774 | M80: ='LTM data'!M6 -> 1.0927671 | N80: ='LTM data'!N6 -> 0 | O80: ='LTM data'!O6 -> 12724.817 | P80: =SUM(D80:N80)+SUM(D84:N84) -> 28622.812 | Q80: =O80+O84 -> 28622.812 | R80: =Q80/$Q$81 -> 0.41540032 | S80: =(D80+D84) -> 21898.978 | T80: =(E80+E84) -> 278.55243 | U80: =(G80+G84) -> 3050.9913 | V80: =(F80+F84) -> 3210.9002 | W80: =(H80+H84) -> 0 | X80: =(I80+I84) -> 0 | Y80: =(J80+J84) -> 0 | Z80: =(K80+K84) -> 0 | AA80: =(L80+L84) -> 180.10724 | AB80: =(M80+M84) -> 3.2824139
B81: DKW | C81: XS | D81: ='LTM data'!D7 -> 1983.8479 | E81: ='LTM data'!E7 -> 236.99181 | F81: ='LTM data'!G7 -> 0 | G81: ='LTM data'!F7 -> 0 | H81: ='LTM data'!H7 -> 0 | I81: ='LTM data'!I7 -> 0 | J81: ='LTM data'!J7 -> 757.47587 | K81: ='LTM data'!K7 -> 221.92513 | L81: ='LTM data'!L7 -> 0 | M81: ='LTM data'!M7 -> 10.579275 | N81: ='LTM data'!N7 -> 0 | O81: ='LTM data'!O7 -> 3210.82 | Q81: =SUM(Q77:Q80) -> 68904.165
C82: S | D82: ='LTM data'!D8 -> 9518.7083 | E82: ='LTM data'!E8 -> 680.68239 | F82: ='LTM data'!G8 -> 164.22983 | G82: ='LTM data'!F8 -> 158.55667 | H82: ='LTM data'!H8 -> 0 | I82: ='LTM data'!I8 -> 0 | J82: ='LTM data'!J8 -> 542.14628 | K82: ='LTM data'!K8 -> 17.190198 | L82: ='LTM data'!L8 -> 101.18543 | M82: ='LTM data'!M8 -> 34.736696 | N82: ='LTM data'!N8 -> 0 | O82: ='LTM data'!O8 -> 11217.436
C83: M | D83: ='LTM data'!D9 -> 6875.3904 | E83: ='LTM data'!E9 -> 195.70331 | F83: ='LTM data'!G9 -> 366.70488 | G83: ='LTM data'!F9 -> 156.51795 | H83: ='LTM data'!H9 -> 0 | I83: ='LTM data'!I9 -> 0 | J83: ='LTM data'!J9 -> 0 | K83: ='LTM data'!K9 -> 0 | L83: ='LTM data'!L9 -> 79.864977 | M83: ='LTM data'!M9 -> 4.526958 | N83: ='LTM data'!N9 -> 0 | O83: ='LTM data'!O9 -> 7678.7085
C84: L | D84: ='LTM data'!D10 -> 13168.032 | E84: ='LTM data'!E10 -> 111.94365 | F84: ='LTM data'!G10 -> 1275.6499 | G84: ='LTM data'!F10 -> 1226.1214 | H84: ='LTM data'!H10 -> 0 | I84: ='LTM data'!I10 -> 0 | J84: ='LTM data'!J10 -> 0 | K84: ='LTM data'!K10 -> 0 | L84: ='LTM data'!L10 -> 114.05847 | M84: ='LTM data'!M10 -> 2.1896468 | N84: ='LTM data'!N10 -> 0 | O84: ='LTM data'!O10 -> 15897.995 | S84: =S76 -> Car | T84: =T76 -> Public bus | U84: =U76 -> Coach | V84: =V76 -> Train | W84: =W76 -> S-train | X84: =X76 -> Metro | Y84: =Y76 -> Bike | Z84: =Z76 -> Walk | ... AB84: =AB76 -> Moped
A85: 2020 | B85: DKE | C85: XS | D85: ='LTM data'!D11 -> 1607.7359 | E85: ='LTM data'!E11 -> 382.02941 | F85: ='LTM data'!G11 -> 0 | G85: ='LTM data'!F11 -> 0 | H85: ='LTM data'!H11 -> 88.76268 | I85: ='LTM data'!I11 -> 199.97733 | J85: ='LTM data'!J11 -> 691.58103 | K85: ='LTM data'!K11 -> 334.31011 | L85: ='LTM data'!L11 -> 0 | M85: ='LTM data'!M11 -> 3.5113407 | N85: ='LTM data'!N11 -> 0 | O85: ='LTM data'!O11 -> 3307.9078 | P85: =SUM(D85:N85)+SUM(D89:N89) -> 7079.8184 | Q85: =O85+O89 -> 7079.8184 | R85: =Q85/$Q$89 -> 0.085322214 | S85: =(D85+D89) -> 4032.4864 | T85: =(E85+E89) -> 638.71316 | U85: =(G85+G89) -> 0 | V85: =(F85+F89) -> 0 | W85: =(H85+H89) -> 88.76268 | X85: =(I85+I89) -> 199.97733 | Y85: =(J85+J89) -> 1540.4889 | Z85: =(K85+K89) -> 568.84274 | AA85: =(L85+L89) -> 0 | AB85: =(M85+M89) -> 10.547237
C86: S | D86: ='LTM data'!D12 -> 7714.0587 | E86: ='LTM data'!E12 -> 1097.256 | F86: ='LTM data'!G12 -> 317.88336 | G86: ='LTM data'!F12 -> 255.59243 | H86: ='LTM data'!H12 -> 749.50974 | I86: ='LTM data'!I12 -> 340.54496 | J86: ='LTM data'!J12 -> 494.98353 | K86: ='LTM data'!K12 -> 25.895477 | L86: ='LTM data'!L12 -> 63.781004 | M86: ='LTM data'!M12 -> 11.52937 | N86: ='LTM data'!N12 -> 0 | O86: ='LTM data'!O12 -> 11071.035 | P86: =SUM(D86:N86)+SUM(D90:N90) -> 24582.747 | Q86: =O86+O90 -> 24582.747 | R86: =Q86/$Q$89 -> 0.29625822 | S86: =(D86+D90) -> 19348.263 | T86: =(E86+E90) -> 1834.4972 | U86: =(G86+G90) -> 427.32377 | V86: =(F86+F90) -> 527.42105 | W86: =(H86+H90) -> 749.50974 | X86: =(I86+I90) -> 340.54496 | Y86: =(J86+J90) -> 1102.5702 | Z86: =(K86+K90) -> 44.062246 | AA86: =(L86+L90) -> 173.9233 | AB86: =(M86+M90) -> 34.631499
C87: M | D87: ='LTM data'!D13 -> 5571.9219 | E87: ='LTM data'!E13 -> 315.47259 | F87: ='LTM data'!G13 -> 709.79419 | G87: ='LTM data'!F13 -> 252.30602 | H87: ='LTM data'!H13 -> 403.70443 | I87: ='LTM data'!I13 -> 0 | J87: ='LTM data'!J13 -> 0 | K87: ='LTM data'!K13 -> 0 | L87: ='LTM data'!L13 -> 50.341915 | M87: ='LTM data'!M13 -> 1.5025313 | N87: ='LTM data'!N13 -> 0 | O87: ='LTM data'!O13 -> 7305.0436 | P87: =SUM(D87:N87)+SUM(D91:N91) -> 16647.768 | Q87: =O87+O91 -> 16647.768 | R87: =Q87/$Q$89 -> 0.20063006 | S87: =(D87+D91) -> 13975.341 | T87: =(E87+E91) -> 527.43713 | U87: =(G87+G91) -> 421.82923 | V87: =(F87+F91) -> 1177.6659 | W87: =(H87+H91) -> 403.70443 | X87: =(I87+I91) -> 0 | Y87: =(J87+J91) -> 0 | Z87: =(K87+K91) -> 0 | AA87: =(L87+L91) -> 137.27649 | AB87: =(M87+M91) -> 4.5132486
C88: L | D88: ='LTM data'!D14 -> 10671.365 | E88: ='LTM data'!E14 -> 180.45251 | F88: ='LTM data'!G14 -> 2469.1487 | G88: ='LTM data'!F14 -> 1976.5005 | H88: ='LTM data'!H14 -> 0 | I88: ='LTM data'!I14 -> 0 | J88: ='LTM data'!J14 -> 0 | K88: ='LTM data'!K14 -> 0 | L88: ='LTM data'!L14 -> 71.895366 | M88: ='LTM data'!M14 -> 0.72676019 | N88: ='LTM data'!N14 -> 0 | O88: ='LTM data'!O14 -> 15370.089 | P88: =SUM(D88:N88)+SUM(D92:N92) -> 34667.1 | Q88: =O88+O92 -> 34667.1 | R88: =Q88/$Q$89 -> 0.4177895 | S88: =(D88+D92) -> 26765.942 | T88: =(E88+E92) -> 301.69769 | U88: =(G88+G92) -> 3304.5019 | V88: =(F88+F92) -> 4096.726 | W88: =(H88+H92) -> 0 | X88: =(I88+I92) -> 0 | Y88: =(J88+J92) -> 0 | Z88: =(K88+K92) -> 0 | AA88: =(L88+L92) -> 196.05021 | AB88: =(M88+M92) -> 2.1830157
B89: DKW | C89: XS | D89: ='LTM data'!D15 -> 2424.7504 | E89: ='LTM data'!E15 -> 256.68375 | F89: ='LTM data'!G15 -> 0 | G89: ='LTM data'!F15 -> 0 | H89: ='LTM data'!H15 -> 0 | I89: ='LTM data'!I15 -> 0 | J89: ='LTM data'!J15 -> 848.90784 | K89: ='LTM data'!K15 -> 234.53263 | L89: ='LTM data'!L15 -> 0 | M89: ='LTM data'!M15 -> 7.035896 | N89: ='LTM data'!N15 -> 0 | O89: ='LTM data'!O15 -> 3771.9105 | Q89: =SUM(Q85:Q88) -> 82977.434 | S89: 23429 | T89: 3190 | V89: 4023
C90: S | D90: ='LTM data'!D16 -> 11634.204 | E90: ='LTM data'!E16 -> 737.24112 | F90: ='LTM data'!G16 -> 209.53769 | G90: ='LTM data'!F16 -> 171.73134 | H90: ='LTM data'!H16 -> 0 | I90: ='LTM data'!I16 -> 0 | J90: ='LTM data'!J16 -> 607.58664 | K90: ='LTM data'!K16 -> 18.166769 | L90: ='LTM data'!L16 -> 110.1423 | M90: ='LTM data'!M16 -> 23.102129 | N90: ='LTM data'!N16 -> 0 | O90: ='LTM data'!O16 -> 13511.712
C91: M | D91: ='LTM data'!D17 -> 8403.4194 | E91: ='LTM data'!E17 -> 211.96454 | F91: ='LTM data'!G17 -> 467.87172 | G91: ='LTM data'!F17 -> 169.52321 | H91: ='LTM data'!H17 -> 0 | I91: ='LTM data'!I17 -> 0 | J91: ='LTM data'!J17 -> 0 | K91: ='LTM data'!K17 -> 0 | L91: ='LTM data'!L17 -> 86.93457 | M91: ='LTM data'!M17 -> 3.0107173 | N91: ='LTM data'!N17 -> 0 | O91: ='LTM data'!O17 -> 9342.7241
C92: L | D92: ='LTM data'!D18 -> 16094.576 | E92: ='LTM data'!E18 -> 121.24518 | F92: ='LTM data'!G18 -> 1627.5772 | G92: ='LTM data'!F18 -> 1328.0013 | H92: ='LTM data'!H18 -> 0 | I92: ='LTM data'!I18 -> 0 | J92: ='LTM data'!J18 -> 0 | K92: ='LTM data'!K18 -> 0 | L92: ='LTM data'!L18 -> 124.15485 | M92: ='LTM data'!M18 -> 1.4562555 | N92: ='LTM data'!N18 -> 0 | O92: ='LTM data'!O18 -> 19297.011 | S92: =S84 -> Car | T92: =T84 -> Public bus | U92: =U84 -> Coach | V92: =V84 -> Train | W92: =W84 -> S-train | X92: =X84 -> Metro | Y92: =Y84 -> Bike | Z92: =Z84 -> Walk | ... AB92: =AB84 -> Moped
A93: 2030 | B93: DKE | C93: XS | D93: ='LTM data'!D19 -> 1676.4103 | E93: ='LTM data'!E19 -> 392.6202 | F93: ='LTM data'!G19 -> 0 | G93: ='LTM data'!F19 -> 0 | H93: ='LTM data'!H19 -> 92.588531 | I93: ='LTM data'!I19 -> 217.38347 | J93: ='LTM data'!J19 -> 708.64316 | K93: ='LTM data'!K19 -> 357.25297 | L93: ='LTM data'!L19 -> 0 | M93: ='LTM data'!M19 -> 3.1907273 | N93: ='LTM data'!N19 -> 0 | O93: ='LTM data'!O19 -> 3448.0894 | P93: =SUM(D93:N93)+SUM(D97:N97) -> 7367.0854 | Q93: =O93+O97 -> 7367.0854 | R93: =Q93/$Q$97 -> 0.085285477 | S93: =(D93+D97) -> 4204.7338 | T93: =(E93+E97) -> 656.41985 | U93: =(G93+G97) -> 0 | V93: =(F93+F97) -> 0 | W93: =(H93+H97) -> 92.588531 | X93: =(I93+I97) -> 217.38347 | Y93: =(J93+J97) -> 1578.4946 | Z93: =(K93+K97) -> 607.88099 | AA93: =(L93+L97) -> 0 | AB93: =(M93+M97) -> 9.5841898
C94: S | D94: ='LTM data'!D20 -> 8043.5645 | E94: ='LTM data'!E20 -> 1127.6747 | F94: ='LTM data'!G20 -> 331.63776 | G94: ='LTM data'!F20 -> 262.67807 | H94: ='LTM data'!H20 -> 781.81513 | I94: ='LTM data'!I20 -> 370.18619 | J94: ='LTM data'!J20 -> 507.19537 | K94: ='LTM data'!K20 -> 27.672619 | L94: ='LTM data'!L20 -> 64.312405 | M94: ='LTM data'!M20 -> 10.476646 | N94: ='LTM data'!N20 -> 0 | O94: ='LTM data'!O20 -> 11527.213 | P94: =SUM(D94:N94)+SUM(D98:N98) -> 25585.191 | Q94: =O94+O98 -> 25585.191 | R94: =Q94/$Q$97 -> 0.29618839 | S94: =(D94+D98) -> 20174.723 | T94: =(E94+E98) -> 1885.3539 | U94: =(G94+G98) -> 439.17022 | V94: =(F94+F98) -> 550.24187 | W94: =(H94+H98) -> 781.81513 | X94: =(I94+I98) -> 370.18619 | Y94: =(J94+J98) -> 1129.7719 | Z94: =(K94+K98) -> 47.086127 | AA94: =(L94+L98) -> 175.37237 | AB94: =(M94+M98) -> 31.469367
C95: M | D95: ='LTM data'!D21 -> 5809.9264 | E95: ='LTM data'!E21 -> 324.21826 | F95: ='LTM data'!G21 -> 740.50605 | G95: ='LTM data'!F21 -> 259.30055 | H95: ='LTM data'!H21 -> 421.1049 | I95: ='LTM data'!I21 -> 0 | J95: ='LTM data'!J21 -> 0 | K95: ='LTM data'!K21 -> 0 | L95: ='LTM data'!L21 -> 50.761346 | M95: ='LTM data'!M21 -> 1.3653382 | N95: ='LTM data'!N21 -> 0 | O95: ='LTM data'!O21 -> 7607.1828 | P95: =SUM(D95:N95)+SUM(D99:N99) -> 17340.128 | Q95: =O95+O99 -> 17340.128 | R95: =Q95/$Q$97 -> 0.20073896 | S95: =(D95+D99) -> 14572.297 | T95: =(E95+E99) -> 542.05897 | U95: =(G95+G99) -> 433.52336 | V95: =(F95+F99) -> 1228.622 | W95: =(H95+H99) -> 421.1049 | X95: =(I95+I99) -> 0 | Y95: =(J95+J99) -> 0 | Z95: =(K95+K99) -> 0 | AA95: =(L95+L99) -> 138.42023 | AB95: =(M95+M99) -> 4.101153
C96: L | D96: ='LTM data'!D22 -> 11127.192 | E96: ='LTM data'!E22 -> 185.45509 | F96: ='LTM data'!G22 -> 2575.9855 | G96: ='LTM data'!F22 -> 2031.294 | H96: ='LTM data'!H22 -> 0 | I96: ='LTM data'!I22 -> 0 | J96: ='LTM data'!J22 -> 0 | K96: ='LTM data'!K22 -> 0 | L96: ='LTM data'!L22 -> 72.494373 | M96: ='LTM data'!M22 -> 0.66040119 | N96: ='LTM data'!N22 -> 0 | O96: ='LTM data'!O22 -> 15993.081 | P96: =SUM(D96:N96)+SUM(D100:N100) -> 36089.073 | Q96: =O96+O100 -> 36089.073 | R96: =Q96/$Q$97 -> 0.41778717 | S96: =(D96+D100) -> 27909.248 | T96: =(E96+E100) -> 310.06149 | U96: =(G96+G100) -> 3396.1107 | V96: =(F96+F100) -> 4273.9859 | W96: =(H96+H100) -> 0 | X96: =(I96+I100) -> 0 | Y96: =(J96+J100) -> 0 | Z96: =(K96+K100) -> 0 | AA96: =(L96+L100) -> 197.68364 | AB96: =(M96+M100) -> 1.9836889
B97: DKW | C97: XS | D97: ='LTM data'!D23 -> 2528.3236 | E97: ='LTM data'!E23 -> 263.79965 | F97: ='LTM data'!G23 -> 0 | G97: ='LTM data'!F23 -> 0 | H97: ='LTM data'!H23 -> 0 | I97: ='LTM data'!I23 -> 0 | J97: ='LTM data'!J23 -> 869.8514 | K97: ='LTM data'!K23 -> 250.62802 | L97: ='LTM data'!L23 -> 0 | M97: ='LTM data'!M23 -> 6.3934626 | N97: ='LTM data'!N23 -> 0 | O97: ='LTM data'!O23 -> 3918.9961 | Q97: =SUM(Q93:Q96) -> 86381.477
C98: S | D98: ='LTM data'!D24 -> 12131.159 | E98: ='LTM data'!E24 -> 757.67925 | F98: ='LTM data'!G24 -> 218.60411 | G98: ='LTM data'!F24 -> 176.49215 | H98: ='LTM data'!H24 -> 0 | I98: ='LTM data'!I24 -> 0 | J98: ='LTM data'!J24 -> 622.57653 | K98: ='LTM data'!K24 -> 19.413508 | L98: ='LTM data'!L24 -> 111.05997 | M98: ='LTM data'!M24 -> 20.992721 | N98: ='LTM data'!N24 -> 0 | O98: ='LTM data'!O24 -> 14057.977
C99: M | D99: ='LTM data'!D25 -> 8762.3711 | E99: ='LTM data'!E25 -> 217.84071 | F99: ='LTM data'!G25 -> 488.11591 | G99: ='LTM data'!F25 -> 174.22281 | H99: ='LTM data'!H25 -> 0 | I99: ='LTM data'!I25 -> 0 | J99: ='LTM data'!J25 -> 0 | K99: ='LTM data'!K25 -> 0 | L99: ='LTM data'!L25 -> 87.658879 | M99: ='LTM data'!M25 -> 2.7358148 | N99: ='LTM data'!N25 -> 0 | O99: ='LTM data'!O25 -> 9732.9452
C100: L | D100: ='LTM data'!D26 -> 16782.056 | E100: ='LTM data'!E26 -> 124.60639 | F100: ='LTM data'!G26 -> 1698.0003 | G100: ='LTM data'!F26 -> 1364.8168 | H100: ='LTM data'!H26 -> 0 | I100: ='LTM data'!I26 -> 0 | J100: ='LTM data'!J26 -> 0 | K100: ='LTM data'!K26 -> 0 | L100: ='LTM data'!L26 -> 125.18926 | M100: ='LTM data'!M26 -> 1.3232877 | N100: ='LTM data'!N26 -> 0 | O100: ='LTM data'!O26 -> 20095.992 | S100: =S92 -> Car | T100: =T92 -> Public bus | U100: =U92 -> Coach | V100: =V92 -> Train | W100: =W92 -> S-train | X100: =X92 -> Metro | Y100: =Y92 -> Bike | Z100: =Z92 -> Walk | ... AB100: =AB92 -> Moped
A101: 2040 | B101: DKE | C101: XS | D101: ='LTM data'!D27 -> 1802.023 | E101: ='LTM data'!E27 -> 351.08879 | F101: ='LTM data'!G27 -> 0 | G101: ='LTM data'!F27 -> 0 | H101: ='LTM data'!H27 -> 91.609442 | I101: ='LTM data'!I27 -> 216.49221 | J101: ='LTM data'!J27 -> 705.72188 | K101: ='LTM data'!K27 -> 376.77954 | L101: ='LTM data'!L27 -> 0 | M101: ='LTM data'!M27 -> 3.0031805 | N101: ='LTM data'!N27 -> 0 | O101: ='LTM data'!O27 -> 3546.718 | P101: =SUM(D101:N101)+SUM(D105:N105) -> 7636.9926 | Q101: =O101+O105 -> 7636.9926 | R101: =Q101/$Q$105 -> 0.083455025 | S101: =(D101+D105) -> 4519.7927 | T101: =(E101+E105) -> 586.98369 | U101: =(G101+G105) -> 0 | V101: =(F101+F105) -> 0 | W101: =(H101+H105) -> 91.609442 | X101: =(I101+I105) -> 216.49221 | Y101: =(J101+J105) -> 1571.9874 | Z101: =(K101+K105) -> 641.10626 | AA101: =(L101+L105) -> 0 | AB101: =(M101+M105) -> 9.0208436
C102: S | D102: ='LTM data'!D28 -> 8646.2651 | E102: ='LTM data'!E28 -> 1008.3891 | F102: ='LTM data'!G28 -> 382.11448 | G102: ='LTM data'!F28 -> 234.89196 | H102: ='LTM data'!H28 -> 773.54773 | I102: ='LTM data'!I28 -> 368.66845 | J102: ='LTM data'!J28 -> 505.10453 | K102: ='LTM data'!K28 -> 29.185136 | L102: ='LTM data'!L28 -> 64.623255 | M102: ='LTM data'!M28 -> 9.8608427 | N102: ='LTM data'!N28 -> 0 | O102: ='LTM data'!O28 -> 12022.651 | P102: =SUM(D102:N102)+SUM(D106:N106) -> 26921.863 | Q102: =O102+O106 -> 26921.863 | R102: =Q102/$Q$105 -> 0.29419497 | S102: =(D102+D106) -> 21686.406 | T102: =(E102+E106) -> 1685.921 | U102: =(G102+G106) -> 392.71475 | V102: =(F102+F106) -> 633.99109 | W102: =(H102+H106) -> 773.54773 | X102: =(I102+I106) -> 368.66845 | Y102: =(J102+J106) -> 1125.1146 | Z102: =(K102+K106) -> 49.659739 | AA102: =(L102+L106) -> 176.22002 | AB102: =(M102+M106) -> 29.619638
C103: M | D103: ='LTM data'!D29 -> 6245.2615 | E103: ='LTM data'!E29 -> 289.92242 | F103: ='LTM data'!G29 -> 853.21432 | G103: ='LTM data'!F29 -> 231.87171 | H103: ='LTM data'!H29 -> 416.65188 | I103: ='LTM data'!I29 -> 0 | J103: ='LTM data'!J29 -> 0 | K103: ='LTM data'!K29 -> 0 | L103: ='LTM data'!L29 -> 51.006698 | M103: ='LTM data'!M29 -> 1.2850854 | N103: ='LTM data'!N29 -> 0 | O103: ='LTM data'!O29 -> 8089.2136 | P103: =SUM(D103:N103)+SUM(D107:N107) -> 18511.803 | Q103: =O103+O107 -> 18511.803 | R103: =Q103/$Q$105 -> 0.20229206 | S103: =(D103+D107) -> 15664.193 | T103: =(E103+E107) -> 484.71992 | U103: =(G103+G107) -> 387.66522 | V103: =(F103+F107) -> 1415.6236 | W103: =(H103+H107) -> 416.65188 | X103: =(I103+I107) -> 0 | Y103: =(J103+J107) -> 0 | Z103: =(K103+K107) -> 0 | AA103: =(L103+L107) -> 139.08927 | AB103: =(M103+M107) -> 3.8600926
C104: L | D104: ='LTM data'!D30 -> 11960.948 | E104: ='LTM data'!E30 -> 165.83763 | F104: ='LTM data'!G30 -> 2968.0618 | G104: ='LTM data'!F30 -> 1816.4235 | H104: ='LTM data'!H30 -> 0 | I104: ='LTM data'!I30 -> 0 | J104: ='LTM data'!J30 -> 0 | K104: ='LTM data'!K30 -> 0 | L104: ='LTM data'!L30 -> 72.84477 | M104: ='LTM data'!M30 -> 0.62158366 | N104: ='LTM data'!N30 -> 0 | O104: ='LTM data'!O30 -> 16984.737 | P104: =SUM(D104:N104)+SUM(D108:N108) -> 38439.62 | Q104: =O104+O108 -> 38439.62 | R104: =Q104/$Q$105 -> 0.42005794 | S104: =(D104+D108) -> 30000.475 | T104: =(E104+E108) -> 277.26315 | U104: =(G104+G108) -> 3036.8698 | V104: =(F104+F108) -> 4924.5053 | W104: =(H104+H108) -> 0 | X104: =(I104+I108) -> 0 | Y104: =(J104+J108) -> 0 | Z104: =(K104+K108) -> 0 | AA104: =(L104+L108) -> 198.63913 | AB104: =(M104+M108) -> 1.8670903
B105: DKW | C105: XS | D105: ='LTM data'!D31 -> 2717.7697 | E105: ='LTM data'!E31 -> 235.89489 | F105: ='LTM data'!G31 -> 0 | G105: ='LTM data'!F31 -> 0 | H105: ='LTM data'!H31 -> 0 | I105: ='LTM data'!I31 -> 0 | J105: ='LTM data'!J31 -> 866.26557 | K105: ='LTM data'!K31 -> 264.32672 | L105: ='LTM data'!L31 -> 0 | M105: ='LTM data'!M31 -> 6.0176631 | N105: ='LTM data'!N31 -> 0 | O105: ='LTM data'!O31 -> 4090.2745 | Q105: =SUM(Q101:Q104) -> 91510.279
C106: S | D106: ='LTM data'!D32 -> 13040.141 | E106: ='LTM data'!E32 -> 677.53186 | F106: ='LTM data'!G32 -> 251.87661 | G106: ='LTM data'!F32 -> 157.82279 | H106: ='LTM data'!H32 -> 0 | I106: ='LTM data'!I32 -> 0 | J106: ='LTM data'!J32 -> 620.01005 | K106: ='LTM data'!K32 -> 20.474603 | L106: ='LTM data'!L32 -> 111.59677 | M106: ='LTM data'!M32 -> 19.758796 | N106: ='LTM data'!N32 -> 0 | O106: ='LTM data'!O32 -> 14899.213
C107: M | D107: ='LTM data'!D33 -> 9418.9316 | E107: ='LTM data'!E33 -> 194.7975 | F107: ='LTM data'!G33 -> 562.40929 | G107: ='LTM data'!F33 -> 155.7935 | H107: ='LTM data'!H33 -> 0 | I107: ='LTM data'!I33 -> 0 | J107: ='LTM data'!J33 -> 0 | K107: ='LTM data'!K33 -> 0 | L107: ='LTM data'!L33 -> 88.082572 | M107: ='LTM data'!M33 -> 2.5750071 | N107: ='LTM data'!N33 -> 0 | O107: ='LTM data'!O33 -> 10422.59
C108: L | D108: ='LTM data'!D34 -> 18039.528 | E108: ='LTM data'!E34 -> 111.42552 | F108: ='LTM data'!G34 -> 1956.4434 | G108: ='LTM data'!F34 -> 1220.4463 | H108: ='LTM data'!H34 -> 0 | I108: ='LTM data'!I34 -> 0 | J108: ='LTM data'!J34 -> 0 | K108: ='LTM data'!K34 -> 0 | L108: ='LTM data'!L34 -> 125.79436 | M108: ='LTM data'!M34 -> 1.2455066 | N108: ='LTM data'!N34 -> 0 | O108: ='LTM data'!O34 -> 21454.883 | S108: =S100 -> Car | T108: =T100 -> Public bus | U108: =U100 -> Coach | V108: =V100 -> Train | W108: =W100 -> S-train | X108: =X100 -> Metro | Y108: =Y100 -> Bike | Z108: =Z100 -> Walk | ... AB108: =AB100 -> Moped
A109: 2050 | B109: DKE | C109: XS | D109: ='LTM data'!D35 -> 1913.3424 | E109: ='LTM data'!E35 -> 322.53778 | F109: ='LTM data'!G35 -> 0 | G109: ='LTM data'!F35 -> 0 | H109: ='LTM data'!H35 -> 92.178666 | I109: ='LTM data'!I35 -> 216.49221 | J109: ='LTM data'!J35 -> 707.75461 | K109: ='LTM data'!K35 -> 397.23616 | L109: ='LTM data'!L35 -> 0 | M109: ='LTM data'!M35 -> 2.8701139 | N109: ='LTM data'!N35 -> 0 | O109: ='LTM data'!O35 -> 3652.4119 | P109: =SUM(D109:N109)+SUM(D113:N113) -> 7907.9723 | Q109: =O109+O113 -> 7907.9723 | R109: =Q109/$Q$113 -> 0.082204599 | S109: =(D109+D113) -> 4799.0015 | T109: =(E109+E113) -> 539.24938 | U109: =(G109+G113) -> 0 | V109: =(F109+F113) -> 0 | W109: =(H109+H113) -> 92.178666 | X109: =(I109+I113) -> 216.49221 | Y109: =(J109+J113) -> 1576.5153 | Z109: =(K109+K113) -> 675.91407 | AA109: =(L109+L113) -> 0 | AB109: =(M109+M113) -> 8.621143
C110: S | D110: ='LTM data'!D36 -> 9180.3856 | E110: ='LTM data'!E36 -> 926.38553 | F110: ='LTM data'!G36 -> 423.35956 | G110: ='LTM data'!F36 -> 215.79022 | H110: ='LTM data'!H36 -> 778.35424 | I110: ='LTM data'!I36 -> 368.66845 | J110: ='LTM data'!J36 -> 506.5594 | K110: ='LTM data'!K36 -> 30.769695 | L110: ='LTM data'!L36 -> 64.843806 | M110: ='LTM data'!M36 -> 9.423923 | N110: ='LTM data'!N36 -> 0 | O110: ='LTM data'!O36 -> 12504.54 | P110: =SUM(D110:N110)+SUM(D114:N114) -> 28170.962 | Q110: =O110+O114 -> 28170.962 | R110: =Q110/$Q$113 -> 0.29284152 | S110: =(D110+D114) -> 23026.078 | T110: =(E110+E114) -> 1548.8196 | U110: =(G110+G114) -> 360.77865 | V110: =(F110+F114) -> 702.4235 | W110: =(H110+H114) -> 778.35424 | X110: =(I110+I114) -> 368.66845 | Y110: =(J110+J114) -> 1128.3553 | Z110: =(K110+K114) -> 52.355932 | AA110: =(L110+L114) -> 176.82144 | AB110: =(M110+M114) -> 28.307235
C111: M | D111: ='LTM data'!D37 -> 6631.0607 | E111: ='LTM data'!E37 -> 266.34553 | F111: ='LTM data'!G37 -> 945.30948 | G111: ='LTM data'!F37 -> 213.01559 | H111: ='LTM data'!H37 -> 419.24078 | I111: ='LTM data'!I37 -> 0 | J111: ='LTM data'!J37 -> 0 | K111: ='LTM data'!K37 -> 0 | L111: ='LTM data'!L37 -> 51.180777 | M111: ='LTM data'!M37 -> 1.2281451 | N111: ='LTM data'!N37 -> 0 | O111: ='LTM data'!O37 -> 8527.381 | P111: =SUM(D111:N111)+SUM(D115:N115) -> 19564.204 | Q111: =O111+O115 -> 19564.204 | R111: =Q111/$Q$113 -> 0.20337294 | S111: =(D111+D115) -> 16631.844 | T111: =(E111+E115) -> 445.30183 | U111: =(G111+G115) -> 356.13975 | V111: =(F111+F115) -> 1568.4247 | W111: =(H111+H115) -> 419.24078 | X111: =(I111+I115) -> 0 | Y111: =(J111+J115) -> 0 | Z111: =(K111+K115) -> 0 | AA111: =(L111+L115) -> 139.56396 | AB111: =(M111+M115) -> 3.6890574
C112: L | D112: ='LTM data'!D38 -> 12699.832 | E112: ='LTM data'!E38 -> 152.35149 | F112: ='LTM data'!G38 -> 3288.4317 | G112: ='LTM data'!F38 -> 1668.7094 | H112: ='LTM data'!H38 -> 0 | I112: ='LTM data'!I38 -> 0 | J112: ='LTM data'!J38 -> 0 | K112: ='LTM data'!K38 -> 0 | L112: ='LTM data'!L38 -> 73.09338 | M112: ='LTM data'!M38 -> 0.59404219 | N112: ='LTM data'!N38 -> 0 | O112: ='LTM data'!O38 -> 17883.012 | P112: =SUM(D112:N112)+SUM(D116:N116) -> 40555.522 | Q112: =O112+O116 -> 40555.522 | R112: =Q112/$Q$113 -> 0.42158094 | S112: =(D112+D116) -> 31853.746 | T112: =(E112+E116) -> 254.71573 | U112: =(G112+G116) -> 2789.9074 | V112: =(F112+F116) -> 5456.0518 | W112: =(H112+H116) -> 0 | X112: =(I112+I116) -> 0 | Y112: =(J112+J116) -> 0 | Z112: =(K112+K116) -> 0 | AA112: =(L112+L116) -> 199.31706 | AB112: =(M112+M116) -> 1.7843622
B113: DKW | C113: XS | D113: ='LTM data'!D39 -> 2885.6591 | E113: ='LTM data'!E39 -> 216.7116 | F113: ='LTM data'!G39 -> 0 | G113: ='LTM data'!F39 -> 0 | H113: ='LTM data'!H39 -> 0 | I113: ='LTM data'!I39 -> 0 | J113: ='LTM data'!J39 -> 868.76071 | K113: ='LTM data'!K39 -> 278.67791 | L113: ='LTM data'!L39 -> 0 | M113: ='LTM data'!M39 -> 5.7510291 | N113: ='LTM data'!N39 -> 0 | O113: ='LTM data'!O39 -> 4255.5604 | Q113: =SUM(Q109:Q112) -> 96198.66
C114: S | D114: ='LTM data'!D40 -> 13845.692 | E114: ='LTM data'!E40 -> 622.43404 | F114: ='LTM data'!G40 -> 279.06394 | G114: ='LTM data'!F40 -> 144.98843 | H114: ='LTM data'!H40 -> 0 | I114: ='LTM data'!I40 -> 0 | J114: ='LTM data'!J40 -> 621.79589 | K114: ='LTM data'!K40 -> 21.586238 | L114: ='LTM data'!L40 -> 111.97763 | M114: ='LTM data'!M40 -> 18.883312 | N114: ='LTM data'!N40 -> 0 | O114: ='LTM data'!O40 -> 15666.422
C115: M | D115: ='LTM data'!D41 -> 10000.783 | E115: ='LTM data'!E41 -> 178.9563 | F115: ='LTM data'!G41 -> 623.11523 | G115: ='LTM data'!F41 -> 143.12416 | H115: ='LTM data'!H41 -> 0 | I115: ='LTM data'!I41 -> 0 | J115: ='LTM data'!J41 -> 0 | K115: ='LTM data'!K41 -> 0 | L115: ='LTM data'!L41 -> 88.383188 | M115: ='LTM data'!M41 -> 2.4609123 | N115: ='LTM data'!N41 -> 0 | O115: ='LTM data'!O41 -> 11036.823
C116: L | D116: ='LTM data'!D42 -> 19153.914 | E116: ='LTM data'!E42 -> 102.36424 | F116: ='LTM data'!G42 -> 2167.6201 | G116: ='LTM data'!F42 -> 1121.1979 | H116: ='LTM data'!H42 -> 0 | I116: ='LTM data'!I42 -> 0 | J116: ='LTM data'!J42 -> 0 | K116: ='LTM data'!K42 -> 0 | L116: ='LTM data'!L42 -> 126.22368 | M116: ='LTM data'!M42 -> 1.19032 | N116: ='LTM data'!N42 -> 0 | O116: ='LTM data'!O42 -> 22672.51
C118: =D118*1000000/1.55/15000 -> 2256449.7 | D118: =SUM(D77:D84) -> 52462.455 | E118: =SUM(E77:E84) -> 3049 | F118: =SUM(F77:F84) -> 4547.3001 | G118: =SUM(G77:G84) -> 3835 | H118: =SUM(H77:H84) -> 1278.565 | I118: =SUM(I77:I84) -> 249.50004 | J118: =SUM(J77:J84) -> 2358.3873 | K118: =SUM(K77:K84) -> 579.95775 | ... M118: =SUM(M77:M84) -> 78
C119: =D119*1000000/1.55/15000 -> 2757936.9 | D119: =SUM(D85:D92) -> 64122.032 | E119: =SUM(E85:E92) -> 3302.3451 | F119: =SUM(F85:F92) -> 5801.8129 | G119: =SUM(G85:G92) -> 4153.6549 | H119: =SUM(H85:H92) -> 1241.9769 | I119: =SUM(I85:I92) -> 540.52229 | J119: =SUM(J85:J92) -> 2643.059 | K119: =SUM(K85:K92) -> 612.90499 | ... M119: =SUM(M85:M92) -> 51.875
C120: =D120*1000000/1.55/15000 -> 2875742 | D120: =SUM(D93:D100) -> 66861.002 | E120: =SUM(E93:E100) -> 3393.8942 | F120: =SUM(F93:F100) -> 6052.8497 | G120: =SUM(G93:G100) -> 4268.8043 | H120: =SUM(H93:H100) -> 1295.5086 | I120: =SUM(I93:I100) -> 587.56965 | J120: =SUM(J93:J100) -> 2708.2665 | K120: =SUM(K93:K100) -> 654.96711 | ... M120: =SUM(M93:M100) -> 47.138399
C121: =D121*1000000/1.55/15000 -> 3091220.1 | D121: =SUM(D101:D108) -> 71870.867 | E121: =SUM(E101:E108) -> 3034.8877 | F121: =SUM(F101:F108) -> 6974.12 | G121: =SUM(G101:G108) -> 3817.2497 | H121: =SUM(H101:H108) -> 1281.809 | I121: =SUM(I101:I108) -> 585.16066 | J121: =SUM(J101:J108) -> 2697.102 | K121: =SUM(K101:K108) -> 690.766 | ... M121: =SUM(M101:M108) -> 44.367665
C122: =D122*1000000/1.55/15000 -> 3282179.3 | D122: =SUM(D109:D116) -> 76310.669 | E122: =SUM(E109:E116) -> 2788.0865 | F122: =SUM(F109:F116) -> 7726.9 | G122: =SUM(G109:G116) -> 3506.8258 | H122: =SUM(H109:H116) -> 1289.7737 | I122: =SUM(I109:I116) -> 585.16066 | J122: =SUM(J109:J116) -> 2704.8706 | K122: =SUM(K109:K116) -> 728.27 | ... M122: =SUM(M109:M116) -> 42.401798
D123: Car | E123: Public bus | F123: Train | G123: Coach | H123: S-train | I123: Metro | J123: Bike | K123: Walk | L123: Moto | M123: Moped
D126: =D122/SUM($D$122:$M$122) -> 0.79326124 | E126: =E122/SUM($D$122:$M$122) -> 0.028982592 | F126: =F122/SUM($D$122:$M$122) -> 0.080322324 | G126: =G122/SUM($D$122:$M$122) -> 0.036453998 | H126: =H122/SUM($D$122:$M$122) -> 0.013407398 | I126: =I122/SUM($D$122:$M$122) -> 0.0060828359 | J126: =J122/SUM($D$122:$M$122) -> 0.02811755 | K126: =K122/SUM($D$122:$M$122) -> 0.0075704796 | ... M126: =M122/SUM($D$122:$M$122) -> 0.00044077327

Sheet Min_Walk,Bike,Moto,Moped
A1: UC - All Regions/Each Period
B2: ~UC_Sets: R_S: AllRegions
B3: ~UC_Sets: T_E:
M4: Demand in 2050 in Base model | O4: Unreplacable share
G5: ~UC_T | M5: TPWXS | N5: 675.91407 | O5: 0.370165
B6: UC_N | C6: Pset_PN | D6: Pset_CI | E6: Cset_CN | F6: LimType | G6: Year | H6: UC_FLO | I6: UC_RHSTS | J6: UC_RHSTS~0 | K6: UC_Desc | M6: TPWS | N6: 52.355932 | O6: 0.566794
B7: UC_Low_Walk_ExtraShort | C7: TPWALK* | D7: BIKEcom | E7: TPXS | F7: LO | G7: 2010 | H7: 1 | I7: =0.99*538.264106833228 -> 532.88147 | J7: 15 | K7: Low production of extra short distance travel demand by walk
C8: TPWALK* | D8: BIKEcom | E8: TPXS | F8: LO | G8: 2050 | H8: 1 | I8: =N5*O5 -> 250.19973
G11: ~UC_T
B12: UC_N | C12: Pset_PN | D12: Pset_CI | E12: Cset_CN | F12: LimType | G12: Year | H12: UC_FLO | I12: UC_RHSTS | J12: UC_RHSTS~0 | K12: UC_Desc
B13: UC_Low_Walk_Short | C13: TPWALK* | D13: BIKEcom | E13: TPS | F13: LO | G13: 2010 | H13: 1 | I13: =0.99*41.6936418785621 -> 41.276705 | J13: 15 | K13: Low production of short distance travel demand by walk
C14: TPWALK* | D14: BIKEcom | E14: TPS | F14: LO | G14: 2050 | H14: 1 | I14: =N6*O6 -> 29.675028
G17: ~UC_T | M17: Demand in 2050 in Base model | O17: Unreplacable share
B18: UC_N | C18: Pset_PN | D18: Pset_CI | E18: Cset_CN | F18: LimType | G18: Year | H18: UC_FLO | I18: UC_RHSTS | J18: UC_RHSTS~0 | K18: UC_Desc | M18: TPBIXS | N18: 1380.7671 | O18: 0.052203483
B19: UC_Low_Bike_ExtraShort | C19: TPBI* | D19: BIKEcom, TRA* | E19: TPXS | F19: LO | G19: 2010 | H19: 1 | I19: =1374.56989021535*0.99 -> 1360.8242 | J19: 15 | K19: Low production of extra short distance travel demand by bike | M19: TPBIS | N19: 988.25291 | O19: 0.187075
C20: TPBI* | D20: BIKEcom, TRA* | E20: TPXS | F20: LO | G20: 2050 | H20: 1 | I20: =N18*O18 -> 72.080852
G23: ~UC_T
B24: UC_N | C24: Pset_PN | D24: Pset_CI | E24: Cset_CN | F24: LimType | G24: Year | H24: UC_FLO | I24: UC_RHSTS | J24: UC_RHSTS~0 | K24: UC_Desc
B25: UC_Low_Bike_Short | C25: TPBI* | D25: BIKEcom, TRA* | E25: TPS | F25: LO | G25: 2010 | H25: 1 | I25: =983.817406925136*0.99 -> 973.97923 | J25: 15 | K25: Low production of short distance travel demand by bike
C26: TPBI* | D26: BIKEcom, TRA* | E26: TPS | F26: LO | G26: 2050 | H26: 1 | I26: =N19*O19 -> 184.87741
G29: ~UC_T | M29: Demand in 2050 in Base model | O29: Unreplacable share
B30: UC_N | C30: Pset_PN | D30: Pset_CI | E30: Cset_CN | F30: LimType | G30: Year | H30: UC_FLO | I30: UC_RHSTS | J30: UC_RHSTS~0 | K30: UC_Desc | M30: TPMTS | N30: 166.81 | O30: 0.10001524
B31: UC_Low_Moto_Short | C31: TPMT* | D31: TRA* | E31: TPS | F31: LO | G31: 2010 | H31: 1 | I31: =159.779711285673*0.99 -> 158.18191 | J31: 15 | K31: Low production of short distance travel demand by moto
C32: TPMT* | D32: TRA* | E32: TPS | F32: LO | G32: 2050 | H32: 1 | I32: =N30*O30 -> 16.683542
G35: ~UC_T
B36: UC_N | C36: Pset_PN | D36: Pset_CI | E36: Cset_CN | F36: LimType | G36: Year | H36: UC_FLO | I36: UC_RHSTS | J36: UC_RHSTS~0 | K36: UC_Desc | M36: Demand in 2050 in Base model | O36: Unreplacable share
B37: UC_Low_Moped__ExtraShort | C37: TPMP* | D37: TRA* | E37: TPXS | F37: LO | G37: 2010 | H37: 1 | I37: =15.86*0.99 -> 15.7014 | J37: 15 | K37: Low production of Extra short distance travel demand by moped | M37: TPMPXS | N37: 10.02 | O37: 0.009159
C38: TPMP* | D38: TRA* | E38: TPXS | F38: LO | G38: 2050 | H38: 1 | I38: =N37*O37 -> 0.09177318 | M38: TPMPS | N38: 32.91 | O38: 0.012494
G41: ~UC_T
B42: UC_N | C42: Pset_PN | D42: Pset_CI | E42: Cset_CN | F42: LimType | G42: Year | H42: UC_FLO | I42: UC_RHSTS | J42: UC_RHSTS~0 | K42: UC_Desc
B43: UC_Low_Moped_Short | C43: TPMP* | D43: TRA* | E43: TPS | F43: LO | G43: 2010 | H43: 1 | I43: =52.07*0.99 -> 51.5493 | J43: 15 | K43: Low production of short distance travel demand by moped
C44: TPMP* | D44: TRA* | E44: TPS | F44: LO | G44: 2050 | H44: 1 | I44: =N38*O38 -> 0.41117754

Sheet Explanation (2)

Sheet 1mode Allreg
A1: UC - All Regions/Each Period | E1: UPDATED
B2: ~UC_Sets: R_S: AllRegions | H2: Upper bound is a maximum 150 % increase compared to LTM dataset
B3: ~UC_Sets: T_E:
G5: ~UC_T
B6: UC_N | C6: Pset_PN | D6: Pset_CI | E6: Cset_CN | F6: LimType | G6: Year | H6: UC_FLO | I6: UC_RHSTS | J6: UC_RHSTS~0 | K6: UC_Desc
B7: UC_Up_Walk_XS | C7: TPWALK* | D7: BIKEcom | E7: TPXS | F7: UP | G7: 2010 | H7: 1 | I7: ='BY,2050 demands'!L11*1.01 -> 543.64675 | J7: 15 | K7: Up production of extra short distance travel demand by walk
C8: TPWALK* | D8: BIKEcom | E8: TPXS | F8: UP | G8: 2050 | H8: 1 | I8: ='BY,2050 demands'!M11*1.5 -> 1013.8711
G11: ~UC_T
B12: UC_N | C12: Pset_PN | D12: Pset_CI | E12: Cset_CN | F12: LimType | G12: Year | H12: UC_FLO | I12: UC_RHSTS | J12: UC_RHSTS~0 | K12: UC_Desc
B13: UC_Up_Bike_XS | C13: TPBI* | D13: BIKEcom, TRA* | E13: TPXS | F13: UP | G13: 2010 | H13: 1 | I13: ='BY,2050 demands'!L9*1.01 -> 1388.3156 | J13: 15 | K13: Up production of extra short distance travel demand by bike
C14: TPBI* | D14: BIKEcom, TRA* | E14: TPXS | F14: UP | G14: 2050 | H14: 1 | I14: ='BY,2050 demands'!M9*1.5 -> 2364.773
G17: ~UC_T
B18: UC_N | C18: Pset_PN | D18: Pset_CI | E18: Cset_CN | F18: LimType | G18: Year | H18: UC_FLO | I18: UC_RHSTS | J18: UC_RHSTS~0 | K18: UC_Desc
B19: UC_Up_Bike_S | C19: TPBI* | D19: BIKEcom, TRA* | E19: TPS | F19: UP | G19: 2010 | H19: 1 | I19: ='BY,2050 demands'!L10*1.01 -> 993.65558 | J19: 15 | K19: Up production of short distance travel demand by bike
C20: TPBI* | D20: BIKEcom, TRA* | E20: TPS | F20: UP | G20: 2050 | H20: 1 | I20: ='BY,2050 demands'!M10*1.5 -> 1692.5329
G23: ~UC_T
B24: UC_N | C24: Pset_PN | D24: Pset_CI | E24: Cset_CN | F24: LimType | G24: Year | H24: UC_FLO | I24: UC_RHSTS | J24: UC_RHSTS~0 | K24: UC_Desc
B25: UC_Up_E-Bike_XS | C25: TPBIKELC* | D25: BIKEcom, TRA* | E25: TPXS | F25: UP | G25: 2010 | H25: 1 | I25: =I13*0.1 -> 138.83156 | J25: 15 | K25: Up production of extra short distance travel demand by bike
C26: TPBIKELC* | D26: BIKEcom, TRA* | E26: TPXS | F26: UP | G26: 2050 | H26: 1 | I26: =I14*0.1 -> 236.4773
G29: ~UC_T
B30: UC_N | C30: Pset_PN | D30: Pset_CI | E30: Cset_CN | F30: LimType | G30: Year | H30: UC_FLO | I30: UC_RHSTS | J30: UC_RHSTS~0 | K30: UC_Desc
B31: UC_Up_E-Bike_S | C31: TPBIKELC* | D31: BIKEcom, TRA* | E31: TPS | F31: UP | G31: 2010 | H31: 1 | I31: =I19*0.1 -> 99.365558 | J31: 15 | K31: Up production of short distance travel demand by bike
C32: TPBIKELC* | D32: BIKEcom, TRA* | E32: TPS | F32: UP | G32: 2050 | H32: 1 | I32: =I20*0.1 -> 169.25329
G35: ~UC_T
B36: UC_N | C36: Pset_PN | D36: Pset_CI | E36: Cset_CN | F36: LimType | G36: Year | H36: UC_FLO | I36: UC_RHSTS | J36: UC_RHSTS~0 | K36: UC_Desc
B37: UC_Up-PublicBus_XS | C37: TPBU* | D37: TRA* | E37: TPXS | F37: UP | G37: 2010 | H37: 1 | I37: ='BY,2050 demands'!L20*1.01 -> 595.61031 | J37: 15 | K37: Up production of extra short distance travel demand by bus
C38: TPBU* | D38: TRA* | E38: TPXS | F38: UP | G38: 2050 | H38: 1 | I38: ='BY,2050 demands'!M20*1.5 -> 808.87406
G41: ~UC_T
B42: UC_N | C42: Pset_PN | D42: Pset_CI | E42: Cset_CN | F42: LimType | G42: Year | H42: UC_FLO | I42: UC_RHSTS | J42: UC_RHSTS~0 | K42: UC_Desc
B43: UC_Up-PublicBus_S | C43: TPBU* | D43: TRA* | E43: TPS | F43: UP | G43: 2010 | H43: 1 | I43: ='BY,2050 demands'!L21*1.01 -> 1710.6981 | J43: 15 | K43: Up production of short distance travel demand by bus
C44: TPBU* | D44: TRA* | E44: TPS | F44: UP | G44: 2050 | H44: 1 | I44: ='BY,2050 demands'!M21*1.5 -> 2323.2294
G47: ~UC_T
B48: UC_N | C48: Pset_PN | D48: Pset_CI | E48: Cset_CN | F48: LimType | G48: Year | H48: UC_FLO | I48: UC_RHSTS | J48: UC_RHSTS~0 | K48: UC_Desc
B49: UC_Up_Coach_S | C49: TPCO* | D49: TRA* | E49: TPS | F49: UP | G49: 2010 | H49: 1 | I49: ='BY,2050 demands'!L24*1.01 -> 398.48629 | J49: 15 | K49: Up production of short distance travel demand by coach
C50: TPCO* | D50: TRA* | E50: TPS | F50: UP | G50: 2050 | H50: 1 | I50: ='BY,2050 demands'!M24*1.5 -> 541.16798
G53: ~UC_T
B54: UC_N | C54: Pset_PN | D54: Pset_CI | E54: Cset_CN | F54: LimType | G54: Year | H54: UC_FLO | I54: UC_RHSTS | J54: UC_RHSTS~0 | K54: UC_Desc
B55: UC_Up_Coach_M | C55: TPCO* | D55: TRA* | E55: TPM | F55: UP | G55: 2010 | H55: 1 | I55: ='BY,2050 demands'!L25*1.01 -> 393.36254 | J55: 15 | K55: Up production of medium distance travel demand by coach
C56: TPCO* | D56: TRA* | E56: TPM | F56: UP | G56: 2050 | H56: 1 | I56: ='BY,2050 demands'!M25*1.5 -> 534.20963
G59: ~UC_T
B60: UC_N | C60: Pset_PN | D60: Pset_CI | E60: Cset_CN | F60: LimType | G60: Year | H60: UC_FLO | I60: UC_RHSTS | J60: UC_RHSTS~0 | K60: UC_Desc
B61: UC_Up_Coach_L | C61: TPCO* | D61: TRA* | E61: TPL | F61: UP | G61: 2010 | H61: 1 | I61: ='BY,2050 demands'!L26*1.01 -> 3081.5012 | J61: 15 | K61: Up production of long distance travel demand by coach
C62: TPCO* | D62: TRA* | E62: TPL | F62: UP | G62: 2050 | H62: 1 | I62: ='BY,2050 demands'!M26*1.5 -> 4184.8611
G65: ~UC_T
B66: UC_N | C66: Pset_PN | D66: Pset_CI | E66: Cset_CN | F66: LimType | G66: Year | H66: UC_FLO | I66: UC_RHSTS | J66: UC_RHSTS~0 | K66: UC_Desc
B67: UC_Up-Car_XS | C67: TPCA* | D67: TRA* | E67: TPXS | F67: UP | G67: 2010 | H67: 1 | I67: =SUMIFS('LTM data'!$D$3:$D$42,'LTM data'!$C$3:$C$42,'1mode Allreg'!E67,'LTM data'!$A$3:$A$42,'1mode Allreg'!G67)*1.01 -> 3332.2349 | J67: 15 | K67: Up production of extra short distance travel demand by car
C68: TPCA* | D68: TRA* | E68: TPXS | F68: UP | G68: 2020 | H68: 1 | I68: =SUMIFS('LTM data'!$D$3:$D$42,'LTM data'!$C$3:$C$42,'1mode Allreg'!E68,'LTM data'!$A$3:$A$42,'1mode Allreg'!G68)*1.01 -> 4072.8112
C69: TPCA* | D69: TRA* | E69: TPXS | F69: UP | G69: 2030 | H69: 1 | I69: =SUMIFS('LTM data'!$D$3:$D$42,'LTM data'!$C$3:$C$42,'1mode Allreg'!E69,'LTM data'!$A$3:$A$42,'1mode Allreg'!G69)*1.01 -> 4246.7812
C70: TPCA* | D70: TRA* | E70: TPXS | F70: UP | G70: 2040 | H70: 1 | I70: =SUMIFS('LTM data'!$D$3:$D$42,'LTM data'!$C$3:$C$42,'1mode Allreg'!E70,'LTM data'!$A$3:$A$42,'1mode Allreg'!G70)*1.01 -> 4564.9906
C71: TPCA* | D71: TRA* | E71: TPXS | F71: UP | G71: 2050 | H71: 1 | I71: =SUMIFS('LTM data'!$D$3:$D$42,'LTM data'!$C$3:$C$42,'1mode Allreg'!E71,'LTM data'!$A$3:$A$42,'1mode Allreg'!G71)*1.01 -> 4846.9915
G74: ~UC_T
B75: UC_N | C75: Pset_PN | D75: Pset_CI | E75: Cset_CN | F75: LimType | G75: Year | H75: UC_FLO | I75: UC_RHSTS | J75: UC_RHSTS~0 | K75: UC_Desc
B76: UC_Up-Car_S | C76: TPCA* | D76: TRA* | E76: TPS | F76: UP | G76: 2010 | H76: 1 | I76: =SUMIFS('LTM data'!$D$3:$D$42,'LTM data'!$C$3:$C$42,'1mode Allreg'!E76,'LTM data'!$A$3:$A$42,'1mode Allreg'!G76)*1.01 -> 15988.388 | J76: 15 | K76: Up production of short distance travel demand by car
C77: TPCA* | D77: TRA* | E77: TPS | F77: UP | G77: 2020 | H77: 1 | I77: =SUMIFS('LTM data'!$D$3:$D$42,'LTM data'!$C$3:$C$42,'1mode Allreg'!E77,'LTM data'!$A$3:$A$42,'1mode Allreg'!G77)*1.01 -> 19541.746
C78: TPCA* | D78: TRA* | E78: TPS | F78: UP | G78: 2030 | H78: 1 | I78: =SUMIFS('LTM data'!$D$3:$D$42,'LTM data'!$C$3:$C$42,'1mode Allreg'!E78,'LTM data'!$A$3:$A$42,'1mode Allreg'!G78)*1.01 -> 20376.471
C79: TPCA* | D79: TRA* | E79: TPS | F79: UP | G79: 2040 | H79: 1 | I79: =SUMIFS('LTM data'!$D$3:$D$42,'LTM data'!$C$3:$C$42,'1mode Allreg'!E79,'LTM data'!$A$3:$A$42,'1mode Allreg'!G79)*1.01 -> 21903.271
C80: TPCA* | D80: TRA* | E80: TPS | F80: UP | G80: 2050 | H80: 1 | I80: =SUMIFS('LTM data'!$D$3:$D$42,'LTM data'!$C$3:$C$42,'1mode Allreg'!E80,'LTM data'!$A$3:$A$42,'1mode Allreg'!G80)*1.01 -> 23256.339
G83: ~UC_T
B84: UC_N | C84: Pset_PN | D84: Pset_CI | E84: Cset_CN | F84: LimType | G84: Year | H84: UC_FLO | I84: UC_RHSTS | J84: UC_RHSTS~0 | K84: UC_Desc
B85: UC_Up-Car_M | C85: TPCA* | D85: TRA* | E85: TPM | F85: UP | G85: 2010 | H85: 1 | I85: =SUMIFS('LTM data'!$D$3:$D$42,'LTM data'!$C$3:$C$42,'1mode Allreg'!E85,'LTM data'!$A$3:$A$42,'1mode Allreg'!G85)*1.01 -> 11548.488 | J85: 15 | K85: Up production of medium distance travel demand by car
C86: TPCA* | D86: TRA* | E86: TPM | F86: UP | G86: 2020 | H86: 1 | I86: =SUMIFS('LTM data'!$D$3:$D$42,'LTM data'!$C$3:$C$42,'1mode Allreg'!E86,'LTM data'!$A$3:$A$42,'1mode Allreg'!G86)*1.01 -> 14115.095
C87: TPCA* | D87: TRA* | E87: TPM | F87: UP | G87: 2030 | H87: 1 | I87: =SUMIFS('LTM data'!$D$3:$D$42,'LTM data'!$C$3:$C$42,'1mode Allreg'!E87,'LTM data'!$A$3:$A$42,'1mode Allreg'!G87)*1.01 -> 14718.02
C88: TPCA* | D88: TRA* | E88: TPM | F88: UP | G88: 2040 | H88: 1 | I88: =SUMIFS('LTM data'!$D$3:$D$42,'LTM data'!$C$3:$C$42,'1mode Allreg'!E88,'LTM data'!$A$3:$A$42,'1mode Allreg'!G88)*1.01 -> 15820.835
C89: TPCA* | D89: TRA* | E89: TPM | F89: UP | G89: 2050 | H89: 1 | I89: =SUMIFS('LTM data'!$D$3:$D$42,'LTM data'!$C$3:$C$42,'1mode Allreg'!E89,'LTM data'!$A$3:$A$42,'1mode Allreg'!G89)*1.01 -> 16798.162
G92: ~UC_T
B93: UC_N | C93: Pset_PN | D93: Pset_CI | E93: Cset_CN | F93: LimType | G93: Year | H93: UC_FLO | I93: UC_RHSTS | J93: UC_RHSTS~0 | K93: UC_Desc
B94: UC_Up-Car_L | C94: TPCA* | D94: TRA* | E94: TPL | F94: UP | G94: 2010 | H94: 1 | I94: =SUMIFS('LTM data'!$D$3:$D$42,'LTM data'!$C$3:$C$42,'1mode Allreg'!E94,'LTM data'!$A$3:$A$42,'1mode Allreg'!G94)*1.01 -> 22117.968 | J94: 15 | K94: Up production of long distance travel demand by car
C95: TPCA* | D95: TRA* | E95: TPL | F95: UP | G95: 2020 | H95: 1 | I95: =SUMIFS('LTM data'!$D$3:$D$42,'LTM data'!$C$3:$C$42,'1mode Allreg'!E95,'LTM data'!$A$3:$A$42,'1mode Allreg'!G95)*1.01 -> 27033.601
C96: TPCA* | D96: TRA* | E96: TPL | F96: UP | G96: 2030 | H96: 1 | I96: =SUMIFS('LTM data'!$D$3:$D$42,'LTM data'!$C$3:$C$42,'1mode Allreg'!E96,'LTM data'!$A$3:$A$42,'1mode Allreg'!G96)*1.01 -> 28188.34
C97: TPCA* | D97: TRA* | E97: TPL | F97: UP | G97: 2040 | H97: 1 | I97: =SUMIFS('LTM data'!$D$3:$D$42,'LTM data'!$C$3:$C$42,'1mode Allreg'!E97,'LTM data'!$A$3:$A$42,'1mode Allreg'!G97)*1.01 -> 30300.48
C98: TPCA* | D98: TRA* | E98: TPL | F98: UP | G98: 2050 | H98: 1 | I98: =SUMIFS('LTM data'!$D$3:$D$42,'LTM data'!$C$3:$C$42,'1mode Allreg'!E98,'LTM data'!$A$3:$A$42,'1mode Allreg'!G98)*1.01 -> 32172.283
G101: ~UC_T
B102: UC_N | C102: Pset_PN | D102: Pset_CI | E102: Cset_CN | F102: LimType | G102: Year | H102: UC_FLO | I102: UC_RHSTS | J102: UC_RHSTS~0 | K102: UC_Desc
B103: UC_Up_Moped_XS | C103: TPMP* | D103: TRA* | E103: TPXS | F103: UP | G103: 2010 | H103: 1 | I103: ='BY,2050 demands'!L16*1.01 -> 16.017567 | J103: 15 | K103: Up production of extra short distance travel demand by moped
C104: TPMP* | D104: TRA* | E104: TPXS | F104: UP | G104: 2050 | H104: 1 | I104: ='BY,2050 demands'!M16*1.5 -> 12.931715
G107: ~UC_T
B108: UC_N | C108: Pset_PN | D108: Pset_CI | E108: Cset_CN | F108: LimType | G108: Year | H108: UC_FLO | I108: UC_RHSTS | J108: UC_RHSTS~0 | K108: UC_Desc
B109: UC_Up_Moped_S | C109: TPMP* | D109: TRA* | E109: TPS | F109: UP | G109: 2010 | H109: 1 | I109: ='BY,2050 demands'!L17*1.01 -> 52.593147 | J109: 15 | K109: Up production of short distance travel demand by moped
C110: TPMP* | D110: TRA* | E110: TPS | F110: UP | G110: 2050 | H110: 1 | I110: ='BY,2050 demands'!M17*1.5 -> 42.460852
G113: ~UC_T
B114: UC_N | C114: Pset_PN | D114: Pset_CI | E114: Cset_CN | F114: LimType | G114: Year | H114: UC_FLO | I114: UC_RHSTS | J114: UC_RHSTS~0 | K114: UC_Desc
B115: UC_Up_Moto_S | C115: TPMT* | D115: TRA* | E115: TPS | F115: UP | G115: 2010 | H115: 1 | I115: ='BY,2050 demands'!L13*1.01 -> 161.37751 | J115: 15 | K115: Up production of short distance travel demand by moto
C116: TPMT* | D116: TRA* | E116: TPS | F116: UP | G116: 2050 | H116: 1 | I116: ='BY,2050 demands'!M13*1.5 -> 265.23216
G119: ~UC_T
B120: UC_N | C120: Pset_PN | D120: Pset_CI | E120: Cset_CN | F120: LimType | G120: Year | H120: UC_FLO | I120: UC_RHSTS | J120: UC_RHSTS~0 | K120: UC_Desc
B121: UC_Up_Moto_M | C121: TPMT* | D121: TRA* | E121: TPM | F121: UP | G121: 2010 | H121: 1 | I121: ='BY,2050 demands'!L14*1.01 -> 127.37418 | J121: 15 | K121: Up production of medium distance travel demand by moto
C122: TPMT* | D122: TRA* | E122: TPM | F122: UP | G122: 2050 | H122: 1 | I122: ='BY,2050 demands'!M14*1.5 -> 209.34595
G125: ~UC_T
B126: UC_N | C126: Pset_PN | D126: Pset_CI | E126: Cset_CN | F126: LimType | G126: Year | H126: UC_FLO | I126: UC_RHSTS | J126: UC_RHSTS~0 | K126: UC_Desc
B127: UC_Up_Moto_L | C127: TPMT* | D127: TRA* | E127: TPL | F127: UP | G127: 2010 | H127: 1 | I127: ='BY,2050 demands'!L15*1.01 -> 181.90832 | J127: 15 | K127: Up production of long distance travel demand by moto
C128: TPMT* | D128: TRA* | E128: TPL | F128: UP | G128: 2050 | H128: 1 | I128: ='BY,2050 demands'!M15*1.5 -> 298.97559
G131: ~UC_T
B132: UC_N | C132: Pset_PN | D132: Pset_CI | E132: Cset_CN | F132: LimType | G132: Year | H132: UC_FLO | I132: UC_RHSTS | J132: UC_RHSTS~0 | K132: UC_Desc
B133: UC_Up_Train_S | C133: TPRO* | D133: TRA* | E133: TPS | F133: UP | G133: 2010 | H133: 1 | I133: ='BY,2050 demands'!L32*1.01 -> 417.51177 | J133: 15 | K133: Up production of short distance travel demand by train
C134: TPRO* | D134: TRA* | E134: TPS | F134: UP | G134: 2050 | H134: 1 | I134: ='BY,2050 demands'!M32*1.5 -> 1053.6352
G137: ~UC_T
B138: UC_N | C138: Pset_PN | D138: Pset_CI | E138: Cset_CN | F138: LimType | G138: Year | H138: UC_FLO | I138: UC_RHSTS | J138: UC_RHSTS~0 | K138: UC_Desc
B139: UC_Up_Train_M | C139: TPRO* | D139: TRA* | E139: TPM | F139: UP | G139: 2010 | H139: 1 | I139: ='BY,2050 demands'!L33*1.01 -> 932.2521 | J139: 15 | K139: Up production of medium distance travel demand by train
C140: TPRO* | D140: TRA* | E140: TPM | F140: UP | G140: 2050 | H140: 1 | I140: ='BY,2050 demands'!M33*1.5 -> 2352.6371
G143: ~UC_T
...

Sheet Couple Potential
A1: UC - All Regions/Each Period | AG1: Maked red is unlimited | AR1: Not necessary
B2: ~UC_Sets: R_S: AllRegions | AD2: Max shift of two modes together (must be added to the sum of the two modes) | AO2: Old values (2010 datasæt)
B3: ~UC_Sets: T_E:
G5: ~UC_T
B6: UC_N | C6: Pset_PN | D6: Pset_CI | E6: Cset_CN | F6: LimType | G6: Year | H6: UC_FLO | I6: UC_RHSTS~2010 | J6: UC_RHSTS~2050 | K6: UC_RHSTS~0 | L6: UC_Desc | AE6: TPXS | AF6: TPS | AG6: TPM | AH6: TPL | AK6: Transport demands for base year | AP6: TPXS | AQ6: TPS | AR6: TPM | AS6: TPL
B7: =IF(I7=99999,"*","UC_Up_"&V7&"-"&W7&"_"&X7) -> UC_Up_Walk-Bike_TPXS | C7: =VLOOKUP(U7,$AU$7:$AV$16,2,FALSE)&","&VLOOKUP(W7,$AU$7:$AV$16,2,FALSE) -> TPWALK,TPBI* | D7: =IF(U7="Bike","BIKEcom,TRA*",IF(W7="Bike","BIKEcom,TRA*",IF(U7="Gang","BIKEcom,TRA*",IF(W7="Gang","BIKEcom,TRA*","TRA*")))) -> BIKEcom,TRA* | E7: =X7 -> TPXS | F7: UP | G7: 2010 | H7: 1 | I7: {=INDEX($AE$7:$AH$63,MATCH($V7&$W7,$AA$7:$AA$63&$AB$7:$AB$63,0),MATCH($E7,$AE$6:$AH$6,0))+INDEX('LTM data'!$D$47:$W$66,MATCH(RIGHT(I$6,4)&'Couple Potential'!$X7,'LTM data'!$A$47:$A$66&'LTM data'!$C$47:$C$66,0),MATCH('Couple Potential'!$W7,'LTM data'!$D$46:$W$46,0))+INDEX('LTM data'!$D$47:$W$66,MATCH(RIGHT(I$6,4)&'Couple Potential'!$X7,'LTM data'!$A$47:$A$66&'LTM data'!$C$47:$C$66,0),MATCH('Couple Potential'!$V7,'LTM data'!$D$46:$W$46,0))} -> 5061.6708 | J7: {=INDEX($AE$7:$AH$63,MATCH($V7&$W7,$AA$7:$AA$63&$AB$7:$AB$63,0),MATCH($E7,$AE$6:$AH$6,0))+INDEX('LTM data'!$D$47:$W$66,MATCH(RIGHT(J$6,4)&'Couple Potential'!$X7,'LTM data'!$A$47:$A$66&'LTM data'!$C$47:$C$66,0),MATCH('Couple Potential'!$W7,'LTM data'!$D$46:$W$46,0))+INDEX('LTM data'!$D$47:$W$66,MATCH(RIGHT(J$6,4)&'Couple Potential'!$X7,'LTM data'!$A$47:$A$66&'LTM data'!$C$47:$C$66,0),MATCH('Couple Potential'!$V7,'LTM data'!$D$46:$W$46,0))} -> 5401.2662 | K7: 15 | L7: {="Max production of "&E7&" travel demand by "&V7&" and "&W7} -> Max production of TPXS travel demand by Walk and Bike | U7: Gang | V7: Walk | W7: Bike | X7: TPXS | AA7: Walk | AB7: Bike | AD7: walk+bike | AE7: {=IF(AP7=0,99999,AP7-(INDEX($AK$8:$AK$67,MATCH($AB7&AE$6,$AM$8:$AM$67&$AL$8:$AL$67,0))+INDEX($AK$8:$AK$67,MATCH($AA7&AE$6,$AM$8:$AM$67&$AL$8:$AL$67,0))))} -> 3148.8368 | AF7: {=IF(AQ7=0,99999,AQ7-(INDEX($AK$8:$AK$67,MATCH($AB7&AF$6,$AM$8:$AM$67&$AL$8:$AL$67,0))+INDEX($AK$8:$AK$67,MATCH($AA7&AF$6,$AM$8:$AM$67&$AL$8:$AL$67,0))))} -> 6053.7445 | AG7: {=IF(AR7=0,99999,AR7-(INDEX($AK$8:$AK$67,MATCH($AB7&AG$6,$AM$8:$AM$67&$AL$8:$AL$67,0))+INDEX($AK$8:$AK$67,MATCH($AA7&AG$6,$AM$8:$AM$67&$AL$8:$AL$67,0))))} -> 99999 | AH7: {=IF(AS7=0,99999,AS7-(INDEX($AK$8:$AK$67,MATCH($AB7&AH$6,$AM$8:$AM$67&$AL$8:$AL$67,0))+INDEX($AK$8:$AK$67,MATCH($AA7&AH$6,$AM$8:$AM$67&$AL$8:$AL$67,0))))} -> 99999 | AK7: 2010 | AO7: walk+bike | AP7: 5061.6708 | AQ7: 7079.2555 | AR7: 0 | AS7: 0 | AU7: Car | AV7: TPCA*
B8: =IF(I8=99999,"*","UC_Up_"&V8&"-"&W8&"_"&X8) -> UC_Up_Walk-Public bus_TPXS | C8: =VLOOKUP(U8,$AU$7:$AV$16,2,FALSE)&","&VLOOKUP(W8,$AU$7:$AV$16,2,FALSE) -> TPWALK,TPBU* | D8: =IF(U8="Bike","BIKEcom,TRA*",IF(W8="Bike","BIKEcom,TRA*",IF(U8="Gang","BIKEcom,TRA*",IF(W8="Gang","BIKEcom,TRA*","TRA*")))) -> BIKEcom,TRA* | E8: =X8 -> TPXS | F8: UP | G8: 2010 | H8: 1 | I8: {=INDEX($AE$7:$AH$63,MATCH($V8&$W8,$AA$7:$AA$63&$AB$7:$AB$63,0),MATCH($E8,$AE$6:$AH$6,0))+INDEX('LTM data'!$D$47:$W$66,MATCH(RIGHT(I$6,4)&'Couple Potential'!$X8,'LTM data'!$A$47:$A$66&'LTM data'!$C$47:$C$66,0),MATCH('Couple Potential'!$W8,'LTM data'!$D$46:$W$46,0))+INDEX('LTM data'!$D$47:$W$66,MATCH(RIGHT(I$6,4)&'Couple Potential'!$X8,'LTM data'!$A$47:$A$66&'LTM data'!$C$47:$C$66,0),MATCH('Couple Potential'!$V8,'LTM data'!$D$46:$W$46,0))} -> 6178.3132 | J8: {=INDEX($AE$7:$AH$63,MATCH($V8&$W8,$AA$7:$AA$63&$AB$7:$AB$63,0),MATCH($E8,$AE$6:$AH$6,0))+INDEX('LTM data'!$D$47:$W$66,MATCH(RIGHT(J$6,4)&'Couple Potential'!$X8,'LTM data'!$A$47:$A$66&'LTM data'!$C$47:$C$66,0),MATCH('Couple Potential'!$W8,'LTM data'!$D$46:$W$46,0))+INDEX('LTM data'!$D$47:$W$66,MATCH(RIGHT(J$6,4)&'Couple Potential'!$X8,'LTM data'!$A$47:$A$66&'LTM data'!$C$47:$C$66,0),MATCH('Couple Potential'!$V8,'LTM data'!$D$46:$W$46,0))} -> 6265.4994 | K8: 15 | L8: {="Max production of "&E8&" travel demand by "&V8&" and "&W8} -> Max production of TPXS travel demand by Walk and Public bus | U8: Gang | V8: Walk | W8: Public bus | X8: TPXS | AA8: Walk | AB8: Public bus | AD8: walk+bus | AE8: {=IF(AP8=0,99999,AP8-(INDEX($AK$8:$AK$67,MATCH($AB8&AE$6,$AM$8:$AM$67&$AL$8:$AL$67,0))+INDEX($AK$8:$AK$67,MATCH($AA8&AE$6,$AM$8:$AM$67&$AL$8:$AL$67,0))))} -> 5050.3359 | AF8: {=IF(AQ8=0,99999,AQ8-(INDEX($AK$8:$AK$67,MATCH($AB8&AF$6,$AM$8:$AM$67&$AL$8:$AL$67,0))+INDEX($AK$8:$AK$67,MATCH($AA8&AF$6,$AM$8:$AM$67&$AL$8:$AL$67,0))))} -> 21829.229 | AG8: {=IF(AR8=0,99999,AR8-(INDEX($AK$8:$AK$67,MATCH($AB8&AG$6,$AM$8:$AM$67&$AL$8:$AL$67,0))+INDEX($AK$8:$AK$67,MATCH($AA8&AG$6,$AM$8:$AM$67&$AL$8:$AL$67,0))))} -> 99999 | AH8: {=IF(AS8=0,99999,AS8-(INDEX($AK$8:$AK$67,MATCH($AB8&AH$6,$AM$8:$AM$67&$AL$8:$AL$67,0))+INDEX($AK$8:$AK$67,MATCH($AA8&AH$6,$AM$8:$AM$67&$AL$8:$AL$67,0))))} -> 99999 | AJ8: TPCXS | AK8: 3299.2425 | AL8: TPXS | AM8: Car | AO8: walk+bus | AP8: 6178.3132 | AQ8: 23564.683 | AR8: 0 | AS8: 0 | AU8: Bike | AV8: TPBI*
B9: *=IF(I9=99999,"*","UC_Up_"&V9&"-"&W9&"_"&X9) | C9: =VLOOKUP(U9,$AU$7:$AV$16,2,FALSE)&","&VLOOKUP(W9,$AU$7:$AV$16,2,FALSE) -> TPWALK,TPRO* | D9: =IF(U9="Bike","BIKEcom,TRA*",IF(W9="Bike","BIKEcom,TRA*",IF(U9="Gang","BIKEcom,TRA*",IF(W9="Gang","BIKEcom,TRA*","TRA*")))) -> BIKEcom,TRA* | E9: =X9 -> TPXS | F9: UP | G9: 2010 | H9: 1 | I9: {=INDEX($AE$7:$AH$63,MATCH($V9&$W9,$AA$7:$AA$63&$AB$7:$AB$63,0),MATCH($E9,$AE$6:$AH$6,0))+INDEX('LTM data'!$D$47:$W$66,MATCH(RIGHT(I$6,4)&'Couple Potential'!$X9,'LTM data'!$A$47:$A$66&'LTM data'!$C$47:$C$66,0),MATCH('Couple Potential'!$W9,'LTM data'!$D$46:$W$46,0))+INDEX('LTM data'!$D$47:$W$66,MATCH(RIGHT(I$6,4)&'Couple Potential'!$X9,'LTM data'!$A$47:$A$66&'LTM data'!$C$47:$C$66,0),MATCH('Couple Potential'!$V9,'LTM data'!$D$46:$W$46,0))} -> 100537.26 | J9: {=INDEX($AE$7:$AH$63,MATCH($V9&$W9,$AA$7:$AA$63&$AB$7:$AB$63,0),MATCH($E9,$AE$6:$AH$6,0))+INDEX('LTM data'!$D$47:$W$66,MATCH(RIGHT(J$6,4)&'Couple Potential'!$X9,'LTM data'!$A$47:$A$66&'LTM data'!$C$47:$C$66,0),MATCH('Couple Potential'!$W9,'LTM data'!$D$46:$W$46,0))+INDEX('LTM data'!$D$47:$W$66,MATCH(RIGHT(J$6,4)&'Couple Potential'!$X9,'LTM data'!$A$47:$A$66&'LTM data'!$C$47:$C$66,0),MATCH('Couple Potential'!$V9,'LTM data'!$D$46:$W$46,0))} -> 100674.91 | K9: 15 | L9: {="Max production of "&E9&" travel demand by "&V9&" and "&W9} -> Max production of TPXS travel demand by Walk and Train | U9: Gang | V9: Walk | W9: Train | X9: TPXS | AA9: Walk DKE | AB9: S-Train DKE | AD9: walk-strain DKE | AE9: {=IF(AP9=0,99999,AP9-(INDEX($AK$8:$AK$67,MATCH($AB9&AE$6,$AM$8:$AM$67&$AL$8:$AL$67,0))+INDEX($AK$8:$AK$67,MATCH($AA9&AE$6,$AM$8:$AM$67&$AL$8:$AL$67,0))))} -> 2451.001 | AF9: {=IF(AQ9=0,99999,AQ9-(INDEX($AK$8:$AK$67,MATCH($AB9&AF$6,$AM$8:$AM$67&$AL$8:$AL$67,0))+INDEX($AK$8:$AK$67,MATCH($AA9&AF$6,$AM$8:$AM$67&$AL$8:$AL$67,0))))} -> 9460.4726 | AG9: {=IF(AR9=0,99999,AR9-(INDEX($AK$8:$AK$67,MATCH($AB9&AG$6,$AM$8:$AM$67&$AL$8:$AL$67,0))+INDEX($AK$8:$AK$67,MATCH($AA9&AG$6,$AM$8:$AM$67&$AL$8:$AL$67,0))))} -> 99999 | AH9: {=IF(AS9=0,99999,AS9-(INDEX($AK$8:$AK$67,MATCH($AB9&AH$6,$AM$8:$AM$67&$AL$8:$AL$67,0))+INDEX($AK$8:$AK$67,MATCH($AA9&AH$6,$AM$8:$AM$67&$AL$8:$AL$67,0))))} -> 99999 | AJ9: TPCS | AK9: 15830.087 | AL9: TPS | AM9: Car | AO9: walk-strain DKE | AP9: 2858.7176 | AQ9: 10256.566 | AR9: 0 | AS9: 0 | AU9: Gang | AV9: TPWALK
B10: *=IF(I10=99999,"*","UC_Up_"&V10&"-"&W10&"_"&X10) | C10: =VLOOKUP(U10,$AU$7:$AV$16,2,FALSE)&","&VLOOKUP(W10,$AU$7:$AV$16,2,FALSE) -> TPWALK,TPCO* | D10: =IF(U10="Bike","BIKEcom,TRA*",IF(W10="Bike","BIKEcom,TRA*",IF(U10="Gang","BIKEcom,TRA*",IF(W10="Gang","BIKEcom,TRA*","TRA*")))) -> BIKEcom,TRA* | E10: =X10 -> TPXS | F10: UP | G10: 2010 | H10: 1 | I10: {=INDEX($AE$7:$AH$63,MATCH($V10&$W10,$AA$7:$AA$63&$AB$7:$AB$63,0),MATCH($E10,$AE$6:$AH$6,0))+INDEX('LTM data'!$D$47:$W$66,MATCH(RIGHT(I$6,4)&'Couple Potential'!$X10,'LTM data'!$A$47:$A$66&'LTM data'!$C$47:$C$66,0),MATCH('Couple Potential'!$W10,'LTM data'!$D$46:$W$46,0))+INDEX('LTM data'!$D$47:$W$66,MATCH(RIGHT(I$6,4)&'Couple Potential'!$X10,'LTM data'!$A$47:$A$66&'LTM data'!$C$47:$C$66,0),MATCH('Couple Potential'!$V10,'LTM data'!$D$46:$W$46,0))} -> 100537.26 | J10: {=INDEX($AE$7:$AH$63,MATCH($V10&$W10,$AA$7:$AA$63&$AB$7:$AB$63,0),MATCH($E10,$AE$6:$AH$6,0))+INDEX('LTM data'!$D$47:$W$66,MATCH(RIGHT(J$6,4)&'Couple Potential'!$X10,'LTM data'!$A$47:$A$66&'LTM data'!$C$47:$C$66,0),MATCH('Couple Potential'!$W10,'LTM data'!$D$46:$W$46,0))+INDEX('LTM data'!$D$47:$W$66,MATCH(RIGHT(J$6,4)&'Couple Potential'!$X10,'LTM data'!$A$47:$A$66&'LTM data'!$C$47:$C$66,0),MATCH('Couple Potential'!$V10,'LTM data'!$D$46:$W$46,0))} -> 100674.91 | K10: 15 | L10: {="Max production of "&E10&" travel demand by "&V10&" and "&W10} -> Max production of TPXS travel demand by Walk and Coach | U10: Gang | V10: Walk | W10: Coach | X10: TPXS | AA10: Walk DKE | AB10: Metro DKE | AD10: walk-metro DKE | AE10: {=IF(AP10=0,99999,AP10-(INDEX($AK$8:$AK$67,MATCH($AB10&AE$6,$AM$8:$AM$67&$AL$8:$AL$67,0))+INDEX($AK$8:$AK$67,MATCH($AA10&AE$6,$AM$8:$AM$67&$AL$8:$AL$67,0))))} -> 2404.9616 | AF10: {=IF(AQ10=0,99999,AQ10-(INDEX($AK$8:$AK$67,MATCH($AB10&AF$6,$AM$8:$AM$67&$AL$8:$AL$67,0))+INDEX($AK$8:$AK$67,MATCH($AA10&AF$6,$AM$8:$AM$67&$AL$8:$AL$67,0))))} -> 5744.2888 | AG10: {=IF(AR10=0,99999,AR10-(INDEX($AK$8:$AK$67,MATCH($AB10&AG$6,$AM$8:$AM$67&$AL$8:$AL$67,0))+INDEX($AK$8:$AK$67,MATCH($AA10&AG$6,$AM$8:$AM$67&$AL$8:$AL$67,0))))} -> 99999 | AH10: {=IF(AS10=0,99999,AS10-(INDEX($AK$8:$AK$67,MATCH($AB10&AH$6,$AM$8:$AM$67&$AL$8:$AL$67,0))+INDEX($AK$8:$AK$67,MATCH($AA10&AH$6,$AM$8:$AM$67&$AL$8:$AL$67,0))))} -> 99999 | AJ10: TPCM | AK10: 11434.146 | AL10: TPM | AM10: Car | AO10: walk-metro DKE | AP10: 2813.6082 | AQ10: 5925.9846 | AR10: 0 | AS10: 0 | AU10: Moto | AV10: TPMT*
B11: *=IF(I11=99999,"*","UC_Up_"&V11&"-"&W11&"_"&X11) | C11: =VLOOKUP(U11,$AU$7:$AV$16,2,FALSE)&","&VLOOKUP(W11,$AU$7:$AV$16,2,FALSE) -> TPWALK,TPMT* | D11: =IF(U11="Bike","BIKEcom,TRA*",IF(W11="Bike","BIKEcom,TRA*",IF(U11="Gang","BIKEcom,TRA*",IF(W11="Gang","BIKEcom,TRA*","TRA*")))) -> BIKEcom,TRA* | E11: =X11 -> TPXS | F11: UP | G11: 2010 | H11: 1 | I11: {=INDEX($AE$7:$AH$63,MATCH($V11&$W11,$AA$7:$AA$63&$AB$7:$AB$63,0),MATCH($E11,$AE$6:$AH$6,0))+INDEX('LTM data'!$D$47:$W$66,MATCH(RIGHT(I$6,4)&'Couple Potential'!$X11,'LTM data'!$A$47:$A$66&'LTM data'!$C$47:$C$66,0),MATCH('Couple Potential'!$W11,'LTM data'!$D$46:$W$46,0))+INDEX('LTM data'!$D$47:$W$66,MATCH(RIGHT(I$6,4)&'Couple Potential'!$X11,'LTM data'!$A$47:$A$66&'LTM data'!$C$47:$C$66,0),MATCH('Couple Potential'!$V11,'LTM data'!$D$46:$W$46,0))} -> 100537.26 | J11: {=INDEX($AE$7:$AH$63,MATCH($V11&$W11,$AA$7:$AA$63&$AB$7:$AB$63,0),MATCH($E11,$AE$6:$AH$6,0))+INDEX('LTM data'!$D$47:$W$66,MATCH(RIGHT(J$6,4)&'Couple Potential'!$X11,'LTM data'!$A$47:$A$66&'LTM data'!$C$47:$C$66,0),MATCH('Couple Potential'!$W11,'LTM data'!$D$46:$W$46,0))+INDEX('LTM data'!$D$47:$W$66,MATCH(RIGHT(J$6,4)&'Couple Potential'!$X11,'LTM data'!$A$47:$A$66&'LTM data'!$C$47:$C$66,0),MATCH('Couple Potential'!$V11,'LTM data'!$D$46:$W$46,0))} -> 100674.91 | K11: 15 | L11: {="Max production of "&E11&" travel demand by "&V11&" and "&W11} -> Max production of TPXS travel demand by Walk and Moto | U11: Gang | V11: Walk | W11: Moto | X11: TPXS | AA11: Walk | AB11: Train | AD11: walk+train | AE11: {=IF(AP11=0,99999,AP11-(INDEX($AK$8:$AK$67,MATCH($AB11&AE$6,$AM$8:$AM$67&$AL$8:$AL$67,0))+INDEX($AK$8:$AK$67,MATCH($AA11&AE$6,$AM$8:$AM$67&$AL$8:$AL$67,0))))} -> 99999 | AF11: {=IF(AQ11=0,99999,AQ11-(INDEX($AK$8:$AK$67,MATCH($AB11&AF$6,$AM$8:$AM$67&$AL$8:$AL$67,0))+INDEX($AK$8:$AK$67,MATCH($AA11&AF$6,$AM$8:$AM$67&$AL$8:$AL$67,0))))} -> 23638.419 | AG11: {=IF(AR11=0,99999,AR11-(INDEX($AK$8:$AK$67,MATCH($AB11&AG$6,$AM$8:$AM$67&$AL$8:$AL$67,0))+INDEX($AK$8:$AK$67,MATCH($AA11&AG$6,$AM$8:$AM$67&$AL$8:$AL$67,0))))} -> 99999 | AH11: {=IF(AS11=0,99999,AS11-(INDEX($AK$8:$AK$67,MATCH($AB11&AH$6,$AM$8:$AM$67&$AL$8:$AL$67,0))+INDEX($AK$8:$AK$67,MATCH($AA11&AH$6,$AM$8:$AM$67&$AL$8:$AL$67,0))))} -> 99999 | AJ11: TPCL | AK11: 21898.978 | AL11: TPL | AM11: Car | AO11: walk+train | AP11: 0 | AQ11: 24093.491 | AR11: 0 | AS11: 0 | AU11: Moped | AV11: TPMP*
B12: =IF(I12=99999,"*","UC_Up_"&V12&"-"&W12&"_"&X12) -> UC_Up_Walk-Moped_TPXS | C12: =VLOOKUP(U12,$AU$7:$AV$16,2,FALSE)&","&VLOOKUP(W12,$AU$7:$AV$16,2,FALSE) -> TPWALK,TPMP* | D12: =IF(U12="Bike","BIKEcom,TRA*",IF(W12="Bike","BIKEcom,TRA*",IF(U12="Gang","BIKEcom,TRA*",IF(W12="Gang","BIKEcom,TRA*","TRA*")))) -> BIKEcom,TRA* | E12: =X12 -> TPXS | F12: UP | G12: 2010 | H12: 1 | I12: {=INDEX($AE$7:$AH$63,MATCH($V12&$W12,$AA$7:$AA$63&$AB$7:$AB$63,0),MATCH($E12,$AE$6:$AH$6,0))+INDEX('LTM data'!$D$47:$W$66,MATCH(RIGHT(I$6,4)&'Couple Potential'!$X12,'LTM data'!$A$47:$A$66&'LTM data'!$C$47:$C$66,0),MATCH('Couple Potential'!$W12,'LTM data'!$D$46:$W$46,0))+INDEX('LTM data'!$D$47:$W$66,MATCH(RIGHT(I$6,4)&'Couple Potential'!$X12,'LTM data'!$A$47:$A$66&'LTM data'!$C$47:$C$66,0),MATCH('Couple Potential'!$V12,'LTM data'!$D$46:$W$46,0))} -> 6748.5568 | J12: {=INDEX($AE$7:$AH$63,MATCH($V12&$W12,$AA$7:$AA$63&$AB$7:$AB$63,0),MATCH($E12,$AE$6:$AH$6,0))+INDEX('LTM data'!$D$47:$W$66,MATCH(RIGHT(J$6,4)&'Couple Potential'!$X12,'LTM data'!$A$47:$A$66&'LTM data'!$C$47:$C$66,0),MATCH('Couple Potential'!$W12,'LTM data'!$D$46:$W$46,0))+INDEX('LTM data'!$D$47:$W$66,MATCH(RIGHT(J$6,4)&'Couple Potential'!$X12,'LTM data'!$A$47:$A$66&'LTM data'!$C$47:$C$66,0),MATCH('Couple Potential'!$V12,'LTM data'!$D$46:$W$46,0))} -> 6878.9689 | K12: 15 | L12: {="Max production of "&E12&" travel demand by "&V12&" and "&W12} -> Max production of TPXS travel demand by Walk and Moped | U12: Gang | V12: Walk | W12: Moped | X12: TPXS | AA12: Walk | AB12: Coach | AD12: walk+coach | AE12: {=IF(AP12=0,99999,AP12-(INDEX($AK$8:$AK$67,MATCH($AB12&AE$6,$AM$8:$AM$67&$AL$8:$AL$67,0))+INDEX($AK$8:$AK$67,MATCH($AA12&AE$6,$AM$8:$AM$67&$AL$8:$AL$67,0))))} -> 99999 | AF12: {=IF(AQ12=0,99999,AQ12-(INDEX($AK$8:$AK$67,MATCH($AB12&AF$6,$AM$8:$AM$67&$AL$8:$AL$67,0))+INDEX($AK$8:$AK$67,MATCH($AA12&AF$6,$AM$8:$AM$67&$AL$8:$AL$67,0))))} -> 24088.223 | AG12: {=IF(AR12=0,99999,AR12-(INDEX($AK$8:$AK$67,MATCH($AB12&AG$6,$AM$8:$AM$67&$AL$8:$AL$67,0))+INDEX($AK$8:$AK$67,MATCH($AA12&AG$6,$AM$8:$AM$67&$AL$8:$AL$67,0))))} -> 99999 | AH12: {=IF(AS12=0,99999,AS12-(INDEX($AK$8:$AK$67,MATCH($AB12&AH$6,$AM$8:$AM$67&$AL$8:$AL$67,0))+INDEX($AK$8:$AK$67,MATCH($AA12&AH$6,$AM$8:$AM$67&$AL$8:$AL$67,0))))} -> 99999 | AJ12: TPBIXS | AK12: 1374.5699 | AL12: TPXS | AM12: Bike | AO12: walk+coach | AP12: 0 | AQ12: 24524.458 | AR12: 0 | AS12: 0 | AU12: Public bus | AV12: TPBU*
B13: =IF(I13=99999,"*","UC_Up_"&V13&"-"&W13&"_"&X13) -> UC_Up_Walk-Car_TPXS | C13: =VLOOKUP(U13,$AU$7:$AV$16,2,FALSE)&","&VLOOKUP(W13,$AU$7:$AV$16,2,FALSE) -> TPWALK,TPCA* | D13: =IF(U13="Bike","BIKEcom,TRA*",IF(W13="Bike","BIKEcom,TRA*",IF(U13="Gang","BIKEcom,TRA*",IF(W13="Gang","BIKEcom,TRA*","TRA*")))) -> BIKEcom,TRA* | E13: =X13 -> TPXS | F13: UP | G13: 2010 | H13: 1 | I13: {=INDEX($AE$7:$AH$63,MATCH($V13&$W13,$AA$7:$AA$63&$AB$7:$AB$63,0),MATCH($E13,$AE$6:$AH$6,0))+INDEX('LTM data'!$D$47:$W$66,MATCH(RIGHT(I$6,4)&'Couple Potential'!$X13,'LTM data'!$A$47:$A$66&'LTM data'!$C$47:$C$66,0),MATCH('Couple Potential'!$W13,'LTM data'!$D$46:$W$46,0))+INDEX('LTM data'!$D$47:$W$66,MATCH(RIGHT(I$6,4)&'Couple Potential'!$X13,'LTM data'!$A$47:$A$66&'LTM data'!$C$47:$C$66,0),MATCH('Couple Potential'!$V13,'LTM data'!$D$46:$W$46,0))} -> 5083.5545 | J13: {=INDEX($AE$7:$AH$63,MATCH($V13&$W13,$AA$7:$AA$63&$AB$7:$AB$63,0),MATCH($E13,$AE$6:$AH$6,0))+INDEX('LTM data'!$D$47:$W$66,MATCH(RIGHT(J$6,4)&'Couple Potential'!$X13,'LTM data'!$A$47:$A$66&'LTM data'!$C$47:$C$66,0),MATCH('Couple Potential'!$W13,'LTM data'!$D$46:$W$46,0))+INDEX('LTM data'!$D$47:$W$66,MATCH(RIGHT(J$6,4)&'Couple Potential'!$X13,'LTM data'!$A$47:$A$66&'LTM data'!$C$47:$C$66,0),MATCH('Couple Potential'!$V13,'LTM data'!$D$46:$W$46,0))} -> 6720.9635 | K13: 15 | L13: {="Max production of "&E13&" travel demand by "&V13&" and "&W13} -> Max production of TPXS travel demand by Walk and Car | U13: Gang | V13: Walk | W13: Car | X13: TPXS | AA13: Walk | AB13: Moto | AD13: Walk+Moto | AE13: {=IF(AP13=0,99999,AP13-(INDEX($AK$8:$AK$67,MATCH($AB13&AE$6,$AM$8:$AM$67&$AL$8:$AL$67,0))+INDEX($AK$8:$AK$67,MATCH($AA13&AE$6,$AM$8:$AM$67&$AL$8:$AL$67,0))))} -> 99999 | AF13: {=IF(AQ13=0,99999,AQ13-(INDEX($AK$8:$AK$67,MATCH($AB13&AF$6,$AM$8:$AM$67&$AL$8:$AL$67,0))+INDEX($AK$8:$AK$67,MATCH($AA13&AF$6,$AM$8:$AM$67&$AL$8:$AL$67,0))))} -> 24439.991 | AG13: {=IF(AR13=0,99999,AR13-(INDEX($AK$8:$AK$67,MATCH($AB13&AG$6,$AM$8:$AM$67&$AL$8:$AL$67,0))+INDEX($AK$8:$AK$67,MATCH($AA13&AG$6,$AM$8:$AM$67&$AL$8:$AL$67,0))))} -> 99999 | AH13: {=IF(AS13=0,99999,AS13-(INDEX($AK$8:$AK$67,MATCH($AB13&AH$6,$AM$8:$AM$67&$AL$8:$AL$67,0))+INDEX($AK$8:$AK$67,MATCH($AA13&AH$6,$AM$8:$AM$67&$AL$8:$AL$67,0))))} -> 99999 | AJ13: TPBIS | AK13: 983.81741 | AL13: TPS | AM13: BIke | AO13: Walk+Moto | AP13: 0 | AQ13: 24641.464 | AR13: 0 | AS13: 0 | AU13: Coach | AV13: TPCO*
B14: =IF(I14=99999,"*","UC_Up_"&V14&"-"&W14&"_"&X14) -> UC_Up_Bike-Moped_TPXS | C14: =VLOOKUP(U14,$AU$7:$AV$16,2,FALSE)&","&VLOOKUP(W14,$AU$7:$AV$16,2,FALSE) -> TPBI*,TPMP* | D14: =IF(U14="Bike","BIKEcom,TRA*",IF(W14="Bike","BIKEcom,TRA*",IF(U14="Gang","BIKEcom,TRA*",IF(W14="Gang","BIKEcom,TRA*","TRA*")))) -> BIKEcom,TRA* | E14: =X14 -> TPXS | F14: UP | G14: 2010 | H14: 1 | I14: {=INDEX($AE$7:$AH$63,MATCH($V14&$W14,$AA$7:$AA$63&$AB$7:$AB$63,0),MATCH($E14,$AE$6:$AH$6,0))+INDEX('LTM data'!$D$47:$W$66,MATCH(RIGHT(I$6,4)&'Couple Potential'!$X14,'LTM data'!$A$47:$A$66&'LTM data'!$C$47:$C$66,0),MATCH('Couple Potential'!$W14,'LTM data'!$D$46:$W$46,0))+INDEX('LTM data'!$D$47:$W$66,MATCH(RIGHT(I$6,4)&'Couple Potential'!$X14,'LTM data'!$A$47:$A$66&'LTM data'!$C$47:$C$66,0),MATCH('Couple Potential'!$V14,'LTM data'!$D$46:$W$46,0))} -> 6742.3514 | J14: {=INDEX($AE$7:$AH$63,MATCH($V14&$W14,$AA$7:$AA$63&$AB$7:$AB$63,0),MATCH($E14,$AE$6:$AH$6,0))+INDEX('LTM data'!$D$47:$W$66,MATCH(RIGHT(J$6,4)&'Couple Potential'!$X14,'LTM data'!$A$47:$A$66&'LTM data'!$C$47:$C$66,0),MATCH('Couple Potential'!$W14,'LTM data'!$D$46:$W$46,0))+INDEX('LTM data'!$D$47:$W$66,MATCH(RIGHT(J$6,4)&'Couple Potential'!$X14,'LTM data'!$A$47:$A$66&'LTM data'!$C$47:$C$66,0),MATCH('Couple Potential'!$V14,'LTM data'!$D$46:$W$46,0))} -> 6937.059 | K14: 15 | L14: {="Max production of "&E14&" travel demand by "&V14&" and "&W14} -> Max production of TPXS travel demand by Bike and Moped | U14: Bike | V14: Bike | W14: Moped | X14: TPXS | AA14: Walk | AB14: Moped | AD14: Walk+Moped | AE14: {=IF(AP14=0,99999,AP14-(INDEX($AK$8:$AK$67,MATCH($AB14&AE$6,$AM$8:$AM$67&$AL$8:$AL$67,0))+INDEX($AK$8:$AK$67,MATCH($AA14&AE$6,$AM$8:$AM$67&$AL$8:$AL$67,0))))} -> 6194.4337 | AF14: {=IF(AQ14=0,99999,AQ14-(INDEX($AK$8:$AK$67,MATCH($AB14&AF$6,$AM$8:$AM$67&$AL$8:$AL$67,0))+INDEX($AK$8:$AK$67,MATCH($AA14&AF$6,$AM$8:$AM$67&$AL$8:$AL$67,0))))} -> 31401.726 | AG14: {=IF(AR14=0,99999,AR14-(INDEX($AK$8:$AK$67,MATCH($AB14&AG$6,$AM$8:$AM$67&$AL$8:$AL$67,0))+INDEX($AK$8:$AK$67,MATCH($AA14&AG$6,$AM$8:$AM$67&$AL$8:$AL$67,0))))} -> 99999 | AH14: {=IF(AS14=0,99999,AS14-(INDEX($AK$8:$AK$67,MATCH($AB14&AH$6,$AM$8:$AM$67&$AL$8:$AL$67,0))+INDEX($AK$8:$AK$67,MATCH($AA14&AH$6,$AM$8:$AM$67&$AL$8:$AL$67,0))))} -> 99999 | AJ14: TPWXS | AK14: 538.26411 | AL14: TPXS | AM14: Walk | AO14: Walk+Moped | AP14: 6748.5568 | AQ14: 31495.492 | AR14: 0 | AS14: 0 | AU14: Metro | AV14: TPRM*
B15: =IF(I15=99999,"*","UC_Up_"&V15&"-"&W15&"_"&X15) -> UC_Up_Bike-Moto_TPXS | C15: =VLOOKUP(U15,$AU$7:$AV$16,2,FALSE)&","&VLOOKUP(W15,$AU$7:$AV$16,2,FALSE) -> TPBI*,TPMT* | D15: =IF(U15="Bike","BIKEcom,TRA*",IF(W15="Bike","BIKEcom,TRA*",IF(U15="Gang","BIKEcom,TRA*",IF(W15="Gang","BIKEcom,TRA*","TRA*")))) -> BIKEcom,TRA* | E15: =X15 -> TPXS | F15: UP | G15: 2010 | H15: 1 | I15: {=INDEX($AE$7:$AH$63,MATCH($V15&$W15,$AA$7:$AA$63&$AB$7:$AB$63,0),MATCH($E15,$AE$6:$AH$6,0))+INDEX('LTM data'!$D$47:$W$66,MATCH(RIGHT(I$6,4)&'Couple Potential'!$X15,'LTM data'!$A$47:$A$66&'LTM data'!$C$47:$C$66,0),MATCH('Couple Potential'!$W15,'LTM data'!$D$46:$W$46,0))+INDEX('LTM data'!$D$47:$W$66,MATCH(RIGHT(I$6,4)&'Couple Potential'!$X15,'LTM data'!$A$47:$A$66&'LTM data'!$C$47:$C$66,0),MATCH('Couple Potential'!$V15,'LTM data'!$D$46:$W$46,0))} -> 101373.57 | J15: {=INDEX($AE$7:$AH$63,MATCH($V15&$W15,$AA$7:$AA$63&$AB$7:$AB$63,0),MATCH($E15,$AE$6:$AH$6,0))+INDEX('LTM data'!$D$47:$W$66,MATCH(RIGHT(J$6,4)&'Couple Potential'!$X15,'LTM data'!$A$47:$A$66&'LTM data'!$C$47:$C$66,0),MATCH('Couple Potential'!$W15,'LTM data'!$D$46:$W$46,0))+INDEX('LTM data'!$D$47:$W$66,MATCH(RIGHT(J$6,4)&'Couple Potential'!$X15,'LTM data'!$A$47:$A$66&'LTM data'!$C$47:$C$66,0),MATCH('Couple Potential'!$V15,'LTM data'!$D$46:$W$46,0))} -> 101575.52 | K15: 15 | L15: {="Max production of "&E15&" travel demand by "&V15&" and "&W15} -> Max production of TPXS travel demand by Bike and Moto | U15: Bike | V15: Bike | W15: Moto | X15: TPXS | AA15: Walk | AB15: Car | AD15: Walk+Car | AE15: {=IF(AP15=0,99999,AP15-(INDEX($AK$8:$AK$67,MATCH($AB15&AE$6,$AM$8:$AM$67&$AL$8:$AL$67,0))+INDEX($AK$8:$AK$67,MATCH($AA15&AE$6,$AM$8:$AM$67&$AL$8:$AL$67,0))))} -> 1246.0479 | AF15: {=IF(AQ15=0,99999,AQ15-(INDEX($AK$8:$AK$67,MATCH($AB15&AF$6,$AM$8:$AM$67&$AL$8:$AL$67,0))+INDEX($AK$8:$AK$67,MATCH($AA15&AF$6,$AM$8:$AM$67&$AL$8:$AL$67,0))))} -> 99999 | AG15: {=IF(AR15=0,99999,AR15-(INDEX($AK$8:$AK$67,MATCH($AB15&AG$6,$AM$8:$AM$67&$AL$8:$AL$67,0))+INDEX($AK$8:$AK$67,MATCH($AA15&AG$6,$AM$8:$AM$67&$AL$8:$AL$67,0))))} -> 99999 | AH15: {=IF(AS15=0,99999,AS15-(INDEX($AK$8:$AK$67,MATCH($AB15&AH$6,$AM$8:$AM$67&$AL$8:$AL$67,0))+INDEX($AK$8:$AK$67,MATCH($AA15&AH$6,$AM$8:$AM$67&$AL$8:$AL$67,0))))} -> 99999 | AJ15: TPWS | AK15: 41.693642 | AL15: TPS | AM15: Walk | AO15: Walk+Car | AP15: 5083.5545 | AU15: S-Train | AV15: TPRS*
B16: =IF(I16=99999,"*","UC_Up_"&V16&"-"&W16&"_"&X16) -> UC_Up_Bike-Public bus_TPXS | C16: =VLOOKUP(U16,$AU$7:$AV$16,2,FALSE)&","&VLOOKUP(W16,$AU$7:$AV$16,2,FALSE) -> TPBI*,TPBU* | D16: =IF(U16="Bike","BIKEcom,TRA*",IF(W16="Bike","BIKEcom,TRA*",IF(U16="Gang","BIKEcom,TRA*",IF(W16="Gang","BIKEcom,TRA*","TRA*")))) -> BIKEcom,TRA* | E16: =X16 -> TPXS | F16: UP | G16: 2010 | H16: 1 | I16: {=INDEX($AE$7:$AH$63,MATCH($V16&$W16,$AA$7:$AA$63&$AB$7:$AB$63,0),MATCH($E16,$AE$6:$AH$6,0))+INDEX('LTM data'!$D$47:$W$66,MATCH(RIGHT(I$6,4)&'Couple Potential'!$X16,'LTM data'!$A$47:$A$66&'LTM data'!$C$47:$C$66,0),MATCH('Couple Potential'!$W16,'LTM data'!$D$46:$W$46,0))+INDEX('LTM data'!$D$47:$W$66,MATCH(RIGHT(I$6,4)&'Couple Potential'!$X16,'LTM data'!$A$47:$A$66&'LTM data'!$C$47:$C$66,0),MATCH('Couple Potential'!$V16,'LTM data'!$D$46:$W$46,0))} -> 5916.3386 | J16: {=INDEX($AE$7:$AH$63,MATCH($V16&$W16,$AA$7:$AA$63&$AB$7:$AB$63,0),MATCH($E16,$AE$6:$AH$6,0))+INDEX('LTM data'!$D$47:$W$66,MATCH(RIGHT(J$6,4)&'Couple Potential'!$X16,'LTM data'!$A$47:$A$66&'LTM data'!$C$47:$C$66,0),MATCH('Couple Potential'!$W16,'LTM data'!$D$46:$W$46,0))+INDEX('LTM data'!$D$47:$W$66,MATCH(RIGHT(J$6,4)&'Couple Potential'!$X16,'LTM data'!$A$47:$A$66&'LTM data'!$C$47:$C$66,0),MATCH('Couple Potential'!$V16,'LTM data'!$D$46:$W$46,0))} -> 6067.8203 | K16: 15 | L16: {="Max production of "&E16&" travel demand by "&V16&" and "&W16} -> Max production of TPXS travel demand by Bike and Public bus | U16: Bike | V16: Bike | W16: Public bus | X16: TPXS | AA16: Bike | AB16: Moped | AD16: bike-moped | AE16: {=IF(AP16=0,99999,AP16-(INDEX($AK$8:$AK$67,MATCH($AB16&AE$6,$AM$8:$AM$67&$AL$8:$AL$67,0))+INDEX($AK$8:$AK$67,MATCH($AA16&AE$6,$AM$8:$AM$67&$AL$8:$AL$67,0))))} -> 5351.9226 | AF16: {=IF(AQ16=0,99999,AQ16-(INDEX($AK$8:$AK$67,MATCH($AB16&AF$6,$AM$8:$AM$67&$AL$8:$AL$67,0))+INDEX($AK$8:$AK$67,MATCH($AA16&AF$6,$AM$8:$AM$67&$AL$8:$AL$67,0))))} -> 23695.998 | AG16: {=IF(AR16=0,99999,AR16-(INDEX($AK$8:$AK$67,MATCH($AB16&AG$6,$AM$8:$AM$67&$AL$8:$AL$67,0))+INDEX($AK$8:$AK$67,MATCH($AA16&AG$6,$AM$8:$AM$67&$AL$8:$AL$67,0))))} -> 99999 | AH16: {=IF(AS16=0,99999,AS16-(INDEX($AK$8:$AK$67,MATCH($AB16&AH$6,$AM$8:$AM$67&$AL$8:$AL$67,0))+INDEX($AK$8:$AK$67,MATCH($AA16&AH$6,$AM$8:$AM$67&$AL$8:$AL$67,0))))} -> 99999 | AJ16: TPMTS | AK16: 159.77971 | AL16: TPS | AM16: Moto | AO16: bike-moped | AP16: 6742.3514 | AQ16: 24731.888 | AR16: 0 | AS16: 0 | AU16: Train | AV16: TPRO*
B17: =IF(I17=99999,"*","UC_Up_"&V17&"-"&W17&"_"&X17) -> UC_Up_Bike-S-Train_TPXS | C17: =VLOOKUP(U17,$AU$7:$AV$16,2,FALSE)&","&VLOOKUP(W17,$AU$7:$AV$16,2,FALSE) -> TPBI*,TPRS* | D17: =IF(U17="Bike","BIKEcom,TRA*",IF(W17="Bike","BIKEcom,TRA*",IF(U17="Gang","BIKEcom,TRA*",IF(W17="Gang","BIKEcom,TRA*","TRA*")))) -> BIKEcom,TRA* | E17: =X17 -> TPXS | F17: UP | G17: 2010 | H17: 1 | I17: {=INDEX($AE$7:$AH$63,MATCH($V17&$W17,$AA$7:$AA$63&$AB$7:$AB$63,0),MATCH($E17,$AE$6:$AH$6,0))+INDEX('LTM data'!$D$47:$W$66,MATCH(RIGHT(I$6,4)&'Couple Potential'!$X17,'LTM data'!$A$47:$A$66&'LTM data'!$C$47:$C$66,0),MATCH('Couple Potential'!$W17,'LTM data'!$D$46:$W$46,0))+INDEX('LTM data'!$D$47:$W$66,MATCH(RIGHT(I$6,4)&'Couple Potential'!$X17,'LTM data'!$A$47:$A$66&'LTM data'!$C$47:$C$66,0),MATCH('Couple Potential'!$V17,'LTM data'!$D$46:$W$46,0))} -> 4865.7686 | J17: {=INDEX($AE$7:$AH$63,MATCH($V17&$W17,$AA$7:$AA$63&$AB$7:$AB$63,0),MATCH($E17,$AE$6:$AH$6,0))+INDEX('LTM data'!$D$47:$W$66,MATCH(RIGHT(J$6,4)&'Couple Potential'!$X17,'LTM data'!$A$47:$A$66&'LTM data'!$C$47:$C$66,0),MATCH('Couple Potential'!$W17,'LTM data'!$D$46:$W$46,0))+INDEX('LTM data'!$D$47:$W$66,MATCH(RIGHT(J$6,4)&'Couple Potential'!$X17,'LTM data'!$A$47:$A$66&'LTM data'!$C$47:$C$66,0),MATCH('Couple Potential'!$V17,'LTM data'!$D$46:$W$46,0))} -> 5068.5151 | K17: 15 | L17: {="Max production of "&E17&" travel demand by "&V17&" and "&W17} -> Max production of TPXS travel demand by Bike and S-Train | U17: Bike | V17: Bike | W17: S-Train | X17: TPXS | AA17: Bike | AB17: Moto | AD17: bike-moto | AE17: {=IF(AP17=0,99999,AP17-(INDEX($AK$8:$AK$67,MATCH($AB17&AE$6,$AM$8:$AM$67&$AL$8:$AL$67,0))+INDEX($AK$8:$AK$67,MATCH($AA17&AE$6,$AM$8:$AM$67&$AL$8:$AL$67,0))))} -> 99999 | AF17: {=IF(AQ17=0,99999,AQ17-(INDEX($AK$8:$AK$67,MATCH($AB17&AF$6,$AM$8:$AM$67&$AL$8:$AL$67,0))+INDEX($AK$8:$AK$67,MATCH($AA17&AF$6,$AM$8:$AM$67&$AL$8:$AL$67,0))))} -> 23469.202 | AG17: {=IF(AR17=0,99999,AR17-(INDEX($AK$8:$AK$67,MATCH($AB17&AG$6,$AM$8:$AM$67&$AL$8:$AL$67,0))+INDEX($AK$8:$AK$67,MATCH($AA17&AG$6,$AM$8:$AM$67&$AL$8:$AL$67,0))))} -> 99999 | AH17: {=IF(AS17=0,99999,AS17-(INDEX($AK$8:$AK$67,MATCH($AB17&AH$6,$AM$8:$AM$67&$AL$8:$AL$67,0))+INDEX($AK$8:$AK$67,MATCH($AA17&AH$6,$AM$8:$AM$67&$AL$8:$AL$67,0))))} -> 99999 | AJ17: TPMTM | AK17: 126.11304 | AL17: TPM | AM17: Moto | AO17: bike-moto | AP17: 0 | AQ17: 24612.799 | AR17: 0 | AS17: 0
B18: =IF(I18=99999,"*","UC_Up_"&V18&"-"&W18&"_"&X18) -> UC_Up_Bike-Metro_TPXS | C18: =VLOOKUP(U18,$AU$7:$AV$16,2,FALSE)&","&VLOOKUP(W18,$AU$7:$AV$16,2,FALSE) -> TPBI*,TPRM* | D18: =IF(U18="Bike","BIKEcom,TRA*",IF(W18="Bike","BIKEcom,TRA*",IF(U18="Gang","BIKEcom,TRA*",IF(W18="Gang","BIKEcom,TRA*","TRA*")))) -> BIKEcom,TRA* | E18: =X18 -> TPXS | F18: UP | G18: 2010 | H18: 1 | I18: {=INDEX($AE$7:$AH$63,MATCH($V18&$W18,$AA$7:$AA$63&$AB$7:$AB$63,0),MATCH($E18,$AE$6:$AH$6,0))+INDEX('LTM data'!$D$47:$W$66,MATCH(RIGHT(I$6,4)&'Couple Potential'!$X18,'LTM data'!$A$47:$A$66&'LTM data'!$C$47:$C$66,0),MATCH('Couple Potential'!$W18,'LTM data'!$D$46:$W$46,0))+INDEX('LTM data'!$D$47:$W$66,MATCH(RIGHT(I$6,4)&'Couple Potential'!$X18,'LTM data'!$A$47:$A$66&'LTM data'!$C$47:$C$66,0),MATCH('Couple Potential'!$V18,'LTM data'!$D$46:$W$46,0))} -> 4865.7686 | J18: {=INDEX($AE$7:$AH$63,MATCH($V18&$W18,$AA$7:$AA$63&$AB$7:$AB$63,0),MATCH($E18,$AE$6:$AH$6,0))+INDEX('LTM data'!$D$47:$W$66,MATCH(RIGHT(J$6,4)&'Couple Potential'!$X18,'LTM data'!$A$47:$A$66&'LTM data'!$C$47:$C$66,0),MATCH('Couple Potential'!$W18,'LTM data'!$D$46:$W$46,0))+INDEX('LTM data'!$D$47:$W$66,MATCH(RIGHT(J$6,4)&'Couple Potential'!$X18,'LTM data'!$A$47:$A$66&'LTM data'!$C$47:$C$66,0),MATCH('Couple Potential'!$V18,'LTM data'!$D$46:$W$46,0))} -> 5191.8986 | K18: 15 | L18: {="Max production of "&E18&" travel demand by "&V18&" and "&W18} -> Max production of TPXS travel demand by Bike and Metro | U18: Bike | V18: Bike | W18: Metro | X18: TPXS | AA18: Bike | AB18: Public bus | AD18: bike+bus | AE18: {=IF(AP18=0,99999,AP18-(INDEX($AK$8:$AK$67,MATCH($AB18&AE$6,$AM$8:$AM$67&$AL$8:$AL$67,0))+INDEX($AK$8:$AK$67,MATCH($AA18&AE$6,$AM$8:$AM$67&$AL$8:$AL$67,0))))} -> 3952.0556 | AF18: {=IF(AQ18=0,99999,AQ18-(INDEX($AK$8:$AK$67,MATCH($AB18&AF$6,$AM$8:$AM$67&$AL$8:$AL$67,0))+INDEX($AK$8:$AK$67,MATCH($AA18&AF$6,$AM$8:$AM$67&$AL$8:$AL$67,0))))} -> 20515.08 | AG18: {=IF(AR18=0,99999,AR18-(INDEX($AK$8:$AK$67,MATCH($AB18&AG$6,$AM$8:$AM$67&$AL$8:$AL$67,0))+INDEX($AK$8:$AK$67,MATCH($AA18&AG$6,$AM$8:$AM$67&$AL$8:$AL$67,0))))} -> 99999 | AH18: {=IF(AS18=0,99999,AS18-(INDEX($AK$8:$AK$67,MATCH($AB18&AH$6,$AM$8:$AM$67&$AL$8:$AL$67,0))+INDEX($AK$8:$AK$67,MATCH($AA18&AH$6,$AM$8:$AM$67&$AL$8:$AL$67,0))))} -> 99999 | AJ18: TPMTL | AK18: 180.10724 | AL18: TPL | AM18: Moto | AO18: bike+bus | AP18: 5916.3386 | AQ18: 23192.658 | AR18: 0 | AS18: 0
B19: =IF(I19=99999,"*","UC_Up_"&V19&"-"&W19&"_"&X19) -> UC_Up_Bike-Train_TPXS | C19: =VLOOKUP(U19,$AU$7:$AV$16,2,FALSE)&","&VLOOKUP(W19,$AU$7:$AV$16,2,FALSE) -> TPBI*,TPRO* | D19: =IF(U19="Bike","BIKEcom,TRA*",IF(W19="Bike","BIKEcom,TRA*",IF(U19="Gang","BIKEcom,TRA*",IF(W19="Gang","BIKEcom,TRA*","TRA*")))) -> BIKEcom,TRA* | E19: =X19 -> TPXS | F19: UP | G19: 2010 | H19: 1 | I19: {=INDEX($AE$7:$AH$63,MATCH($V19&$W19,$AA$7:$AA$63&$AB$7:$AB$63,0),MATCH($E19,$AE$6:$AH$6,0))+INDEX('LTM data'!$D$47:$W$66,MATCH(RIGHT(I$6,4)&'Couple Potential'!$X19,'LTM data'!$A$47:$A$66&'LTM data'!$C$47:$C$66,0),MATCH('Couple Potential'!$W19,'LTM data'!$D$46:$W$46,0))+INDEX('LTM data'!$D$47:$W$66,MATCH(RIGHT(I$6,4)&'Couple Potential'!$X19,'LTM data'!$A$47:$A$66&'LTM data'!$C$47:$C$66,0),MATCH('Couple Potential'!$V19,'LTM data'!$D$46:$W$46,0))} -> 101373.57 | J19: {=INDEX($AE$7:$AH$63,MATCH($V19&$W19,$AA$7:$AA$63&$AB$7:$AB$63,0),MATCH($E19,$AE$6:$AH$6,0))+INDEX('LTM data'!$D$47:$W$66,MATCH(RIGHT(J$6,4)&'Couple Potential'!$X19,'LTM data'!$A$47:$A$66&'LTM data'!$C$47:$C$66,0),MATCH('Couple Potential'!$W19,'LTM data'!$D$46:$W$46,0))+INDEX('LTM data'!$D$47:$W$66,MATCH(RIGHT(J$6,4)&'Couple Potential'!$X19,'LTM data'!$A$47:$A$66&'LTM data'!$C$47:$C$66,0),MATCH('Couple Potential'!$V19,'LTM data'!$D$46:$W$46,0))} -> 101575.52 | K19: 15 | L19: {="Max production of "&E19&" travel demand by "&V19&" and "&W19} -> Max production of TPXS travel demand by Bike and Train | U19: Bike | V19: Bike | W19: Train | X19: TPXS | AA19: Bike DKE | AB19: Public bus DKE | AD19: bike-strain DKE | AE19: {=IF(AP19=0,99999,AP19-(INDEX($AK$8:$AK$67,MATCH($AB19&AE$6,$AM$8:$AM$67&$AL$8:$AL$67,0))+INDEX($AK$8:$AK$67,MATCH($AA19&AE$6,$AM$8:$AM$67&$AL$8:$AL$67,0))))} -> 1957.6872 | AF19: {=IF(AQ19=0,99999,AQ19-(INDEX($AK$8:$AK$67,MATCH($AB19&AF$6,$AM$8:$AM$67&$AL$8:$AL$67,0))+INDEX($AK$8:$AK$67,MATCH($AA19&AF$6,$AM$8:$AM$67&$AL$8:$AL$67,0))))} -> 8594.1574 | AG19: {=IF(AR19=0,99999,AR19-(INDEX($AK$8:$AK$67,MATCH($AB19&AG$6,$AM$8:$AM$67&$AL$8:$AL$67,0))+INDEX($AK$8:$AK$67,MATCH($AA19&AG$6,$AM$8:$AM$67&$AL$8:$AL$67,0))))} -> 99999 | AH19: {=IF(AS19=0,99999,AS19-(INDEX($AK$8:$AK$67,MATCH($AB19&AH$6,$AM$8:$AM$67&$AL$8:$AL$67,0))+INDEX($AK$8:$AK$67,MATCH($AA19&AH$6,$AM$8:$AM$67&$AL$8:$AL$67,0))))} -> 99999 | AJ19: TPMPXS | AK19: 15.858978 | AL19: TPXS | AM19: Moped | AO19: bike-strain DKE | AP19: 2927.5026 | AQ19: 10048.907 | AR19: 0 | AS19: 0
B20: =IF(I20=99999,"*","UC_Up_"&V20&"-"&W20&"_"&X20) -> UC_Up_Bike-Coach_TPXS | C20: =VLOOKUP(U20,$AU$7:$AV$16,2,FALSE)&","&VLOOKUP(W20,$AU$7:$AV$16,2,FALSE) -> TPBI*,TPCO* | D20: =IF(U20="Bike","BIKEcom,TRA*",IF(W20="Bike","BIKEcom,TRA*",IF(U20="Gang","BIKEcom,TRA*",IF(W20="Gang","BIKEcom,TRA*","TRA*")))) -> BIKEcom,TRA* | E20: =X20 -> TPXS | F20: UP | G20: 2010 | H20: 1 | I20: {=INDEX($AE$7:$AH$63,MATCH($V20&$W20,$AA$7:$AA$63&$AB$7:$AB$63,0),MATCH($E20,$AE$6:$AH$6,0))+INDEX('LTM data'!$D$47:$W$66,MATCH(RIGHT(I$6,4)&'Couple Potential'!$X20,'LTM data'!$A$47:$A$66&'LTM data'!$C$47:$C$66,0),MATCH('Couple Potential'!$W20,'LTM data'!$D$46:$W$46,0))+INDEX('LTM data'!$D$47:$W$66,MATCH(RIGHT(I$6,4)&'Couple Potential'!$X20,'LTM data'!$A$47:$A$66&'LTM data'!$C$47:$C$66,0),MATCH('Couple Potential'!$V20,'LTM data'!$D$46:$W$46,0))} -> 101373.57 | J20: {=INDEX($AE$7:$AH$63,MATCH($V20&$W20,$AA$7:$AA$63&$AB$7:$AB$63,0),MATCH($E20,$AE$6:$AH$6,0))+INDEX('LTM data'!$D$47:$W$66,MATCH(RIGHT(J$6,4)&'Couple Potential'!$X20,'LTM data'!$A$47:$A$66&'LTM data'!$C$47:$C$66,0),MATCH('Couple Potential'!$W20,'LTM data'!$D$46:$W$46,0))+INDEX('LTM data'!$D$47:$W$66,MATCH(RIGHT(J$6,4)&'Couple Potential'!$X20,'LTM data'!$A$47:$A$66&'LTM data'!$C$47:$C$66,0),MATCH('Couple Potential'!$V20,'LTM data'!$D$46:$W$46,0))} -> 101575.52 | K20: 15 | L20: {="Max production of "&E20&" travel demand by "&V20&" and "&W20} -> Max production of TPXS travel demand by Bike and Coach | U20: Bike | V20: Bike | W20: Coach | X20: TPXS | AA20: Bike | AB20: S-Train | AD20: bike-strain Allreg | AE20: {=IF(AP20=0,99999,AP20-(INDEX($AK$8:$AK$67,MATCH($AB20&AE$6,$AM$8:$AM$67&$AL$8:$AL$67,0))+INDEX($AK$8:$AK$67,MATCH($AA20&AE$6,$AM$8:$AM$67&$AL$8:$AL$67,0))))} -> 3399.8211 | AF20: {=IF(AQ20=0,99999,AQ20-(INDEX($AK$8:$AK$67,MATCH($AB20&AF$6,$AM$8:$AM$67&$AL$8:$AL$67,0))+INDEX($AK$8:$AK$67,MATCH($AA20&AF$6,$AM$8:$AM$67&$AL$8:$AL$67,0))))} -> 8293.4992 | AG20: {=IF(AR20=0,99999,AR20-(INDEX($AK$8:$AK$67,MATCH($AB20&AG$6,$AM$8:$AM$67&$AL$8:$AL$67,0))+INDEX($AK$8:$AK$67,MATCH($AA20&AG$6,$AM$8:$AM$67&$AL$8:$AL$67,0))))} -> 99999 | AH20: {=IF(AS20=0,99999,AS20-(INDEX($AK$8:$AK$67,MATCH($AB20&AH$6,$AM$8:$AM$67&$AL$8:$AL$67,0))+INDEX($AK$8:$AK$67,MATCH($AA20&AH$6,$AM$8:$AM$67&$AL$8:$AL$67,0))))} -> 99999 | AJ20: TPMPS | AK20: 52.072423 | AL20: TPS | AM20: Moped | AO20: bike-strain Allreg | AP20: 4865.7686 | AQ20: 10048.907 | AR20: 0
